id,title,regions,modes,scene,political_hook,choice,effects,outcome,source
beltway_briefing,Department of Renaming Things,Beltway,deep / deep_end,enc-service-counter,names,Read everything; use a snack pack,"{""sanity"": -2, ""credibility"": 2, ""supplies"": -1, ""add_receipt"": ""beltway_briefing""}","Snacks gone, instructions matched and saved. You've traced the hall all the way across the street.",https://www.whitehouse.gov/presidential-actions/2025/01/restoring-names-that-honor-american-greatness/
beltway_briefing,Department of Renaming Things,Beltway,deep / deep_end,enc-service-counter,names,Skim the bold print,"{""sanity"": 1, ""credibility"": -2}",Two corrections missed. You confidently prepare to visit the building formerly known as the building.,https://www.whitehouse.gov/presidential-actions/2025/01/restoring-names-that-honor-american-greatness/
beltway_briefing,Department of Renaming Things,Beltway,deep / deep_end,enc-service-counter,names,Split the packet six ways,"{""sanity"": 0, ""credibility"": -1}","You miss a cross-reference. Six people, six answers. The form has successfully created a committee.",https://www.whitehouse.gov/presidential-actions/2025/01/restoring-names-that-honor-american-greatness/
classic_bridge_crews,The Efficiency Emergency,RustBelt / Beltway,classic,enc-bridge,bullets,Donate one pack; haul barrier signs,"{""supplies"": -1, ""hp"": -1, ""credibility"": 2}","Supplies donated, arms aching. You haul the signs without once calling yourselves job creators.",https://apnews.com/article/53e59ab9a4bc52ce5553e0e83bb8cc7b
classic_bridge_crews,The Efficiency Emergency,RustBelt / Beltway,classic,enc-bridge,bullets,Photograph and report the closure,"{""credibility"": 1, ""add_receipt"": ""classic_bridge_crews""}",You file the dated photo. It shows exactly how much traffic “efficiency” can carry: none.,https://apnews.com/article/53e59ab9a4bc52ce5553e0e83bb8cc7b
classic_civic_potluck,Civic Center Potluck,Heartland,classic,enc-community,food,Stay; pack three food bundles,"{""supplies"": 3, ""sanity"": 1}",You eat and pack three bundles. Somebody offers seconds without checking whether you're a corporation.,https://content.govdelivery.com/accounts/WIDATCP/bulletins/3d6544a
classic_civic_potluck,Civic Center Potluck,Heartland,classic,enc-community,food,Pack two bundles; share their story,"{""supplies"": 2, ""credibility"": 1}",You promise to mention the cooks in Washington. They label the leftovers 'evidence.',https://content.govdelivery.com/accounts/WIDATCP/bulletins/3d6544a
classic_civic_potluck,Civic Center Potluck,Heartland,classic,enc-community,food,Donate one food bundle,"{""supplies"": -1, ""credibility"": 2}",Your beans join the pantry. The cook offers naming rights to one very unimpressed potato.,https://content.govdelivery.com/accounts/WIDATCP/bulletins/3d6544a
classic_crossing_block_party,Crossing Block Party,RustBelt / Beltway,classic,enc-checkpoint,libraries,Give one food bundle; help grill,"{""supplies"": -1, ""morale"": 2}",You grill while a librarian reads horror aloud. The horror is next year's budget.,https://www.whitehouse.gov/fact-sheets/2025/03/fact-sheet-president-donald-j-trump-continues-the-reduction-of-the-federal-bureaucracy/
classic_crossing_block_party,Crossing Block Party,RustBelt / Beltway,classic,enc-checkpoint,libraries,Take the open mic,"{""credibility"": 1}",'I shouldn't need a muffin mortgage to sit down.' The café workers in line howl.,https://www.whitehouse.gov/fact-sheets/2025/03/fact-sheet-president-donald-j-trump-continues-the-reduction-of-the-federal-bureaucracy/
classic_crossing_block_party,Crossing Block Party,RustBelt / Beltway,classic,enc-checkpoint,libraries,Share two water and towel bundles,"{""supplies"": -2, ""sanity"": 1}",You pass out cold towels. The librarian saves one for the next official who works up a sweat attacking free books.,https://www.whitehouse.gov/fact-sheets/2025/03/fact-sheet-president-donald-j-trump-continues-the-reduction-of-the-federal-bureaucracy/
classic_freeway_mural,Freeway Mural Crew,RustBelt,classic,enc-street,names,Help paint the base coat,"{""hp"": -1, ""morale"": 2}","Arms aching, you finish a coat. The billionaire's sign contributes its usual share of the labor.",https://www.whitehouse.gov/presidential-actions/2025/01/restoring-names-that-honor-american-greatness/
classic_freeway_mural,Freeway Mural Crew,RustBelt,classic,enc-street,names,Donate two supply packs,"{""supplies"": -2, ""credibility"": 2}",Your contribution fits in the photo without its own dedication plaque.,https://www.whitehouse.gov/presidential-actions/2025/01/restoring-names-that-honor-american-greatness/
classic_freeway_mural,Freeway Mural Crew,RustBelt,classic,enc-street,names,Join the artists’ photo,"{""credibility"": 1}",All six of you squeeze into the photo. The billionaire’s name stays above everyone’s head. Even the overpass has an org chart.,https://www.whitehouse.gov/presidential-actions/2025/01/restoring-names-that-honor-american-greatness/
classic_mail_drop,Mail Drop Pickup,Heartland / RustBelt,classic,enc-community,bullets,Read and save the letters,"{""sanity"": 1, ""morale"": 2, ""add_receipt"": ""classic_mail_drop""}","You save the letters, laughing. The cat's performance-management system is just as arbitrary, but considerably fluffier.",https://apnews.com/article/53e59ab9a4bc52ce5553e0e83bb8cc7b
classic_mail_drop,Mail Drop Pickup,Heartland / RustBelt,classic,enc-community,bullets,"Record a short, accurate reply","{""credibility"": 2, ""supplies"": 1}","Update recorded, road pack collected. Your next five accomplishments will be performed with your mouth full.",https://apnews.com/article/53e59ab9a4bc52ce5553e0e83bb8cc7b
classic_mail_drop,Mail Drop Pickup,Heartland / RustBelt,classic,enc-community,bullets,Sort urgent letters; share one pack,"{""supplies"": -1, ""morale"": 1}",One snack pack fuels sorting. Someone labels the empty wrapper “Employee of the Month.”,https://apnews.com/article/53e59ab9a4bc52ce5553e0e83bb8cc7b
classic_media_training,Who Gets to Say ‘No Comment’?,Heartland / RustBelt / Beltway / PacificCoast / MountainWest / Southwest,classic,enc-media-workshop,signal,Practice with the published chat,"{""sanity"": 1, ""credibility"": 2}",Transcript checked. Your answer survives a follow-up question without blaming the microphone.,https://apnews.com/article/c0addd08c627ab01a37ea63621cb695e
classic_media_training,Who Gets to Say ‘No Comment’?,Heartland / RustBelt / Beltway / PacificCoast / MountainWest / Southwest,classic,enc-media-workshop,signal,Let crewmates take the microphone,"{""morale"": 2}","One does a flawless cabinet impression: talks for two minutes, answers nothing, requests a promotion.",https://apnews.com/article/c0addd08c627ab01a37ea63621cb695e
classic_mutual_aid,Pop-up Mutual Aid,Heartland / RustBelt / PacificCoast / MountainWest / Southwest,classic,enc-community,food,Give two bundles; share their appeal,"{""supplies"": -2, ""credibility"": 2}",You film the food being unloaded. Your financial transparency report comes with dented cans.,https://content.govdelivery.com/accounts/WIDATCP/bulletins/3d6544a
classic_mutual_aid,Pop-up Mutual Aid,Heartland / RustBelt / PacificCoast / MountainWest / Southwest,classic,enc-community,food,Load for $10 and one food bundle,"{""hp"": -1, ""morale"": 2, ""supplies"": 1, ""cash_cents"": 1000}","Dinner, ten dollars, and a backache. Management is a folding chair. You prefer it.",https://content.govdelivery.com/accounts/WIDATCP/bulletins/3d6544a
classic_mutual_aid,Pop-up Mutual Aid,Heartland / RustBelt / PacificCoast / MountainWest / Southwest,classic,enc-community,food,Give one bundle; post their wishlist,"{""credibility"": 1, ""supplies"": -1}","You share the wishlist. It contains beans, rice, and no exciting opportunities for private equity.",https://content.govdelivery.com/accounts/WIDATCP/bulletins/3d6544a
classic_mutual_aid_dispatch,Mutual Aid Dispatch Center,Heartland / Beltway,classic,enc-radio,food,Deliver two food bundles in your van,"{""supplies"": -2, ""credibility"": 2}",You make both drop-offs. Nobody commissions a feasibility study of the front steps.,https://content.govdelivery.com/accounts/WIDATCP/bulletins/3d6544a
classic_mutual_aid_dispatch,Mutual Aid Dispatch Center,Heartland / Beltway,classic,enc-radio,food,Donate one bundle of radio batteries,"{""supplies"": -1, ""morale"": 2}",The radio crackles back. Kevin announces 'We have beans.' Something worth a national address.,https://content.govdelivery.com/accounts/WIDATCP/bulletins/3d6544a
classic_mutual_aid_dispatch,Mutual Aid Dispatch Center,Heartland / Beltway,classic,enc-radio,food,Keep a copy of the needs tally,"{""sanity"": 1, ""add_receipt"": ""classic_mutual_aid_dispatch""}",You keep the tally for Washington. Kevin has listed every shortage. 'Nobody could have known' will have to explain page two.,https://content.govdelivery.com/accounts/WIDATCP/bulletins/3d6544a
classic_neighborhood_watch,The Street Formerly Known as the Street,RustBelt / Beltway,classic,enc-street,names,Check the posted help numbers,"{""credibility"": 2}",Numbers checked and saved. You can now ask “Where are we?” without first hearing about the mayor’s accomplishments.,https://www.whitehouse.gov/presidential-actions/2025/01/restoring-names-that-honor-american-greatness/
classic_neighborhood_watch,The Street Formerly Known as the Street,RustBelt / Beltway,classic,enc-street,names,Move the board; correct the arrows,"{""hp"": -1, ""supplies"": 1}","Sore arms, one road pack earned. The arrows point somewhere besides the mayor's achievements.",https://www.whitehouse.gov/presidential-actions/2025/01/restoring-names-that-honor-american-greatness/
classic_neighborhood_watch,The Street Formerly Known as the Street,RustBelt / Beltway,classic,enc-street,names,Follow the residents' directions,"{""morale"": 1}",You find the exit. The crew celebrates like somebody's successfully canceled a subscription.,https://www.whitehouse.gov/presidential-actions/2025/01/restoring-names-that-honor-american-greatness/
classic_overpass_stage,Overpass Pop-Up Stage,RustBelt / Beltway,classic,enc-street,libraries,Share the troupe's public stream,"{""credibility"": 2}",You post the show. The sock puppet has better comic timing and fewer conflicts of interest.,https://www.whitehouse.gov/fact-sheets/2025/03/fact-sheet-president-donald-j-trump-continues-the-reduction-of-the-federal-bureaucracy/
classic_overpass_stage,Overpass Pop-Up Stage,RustBelt / Beltway,classic,enc-street,libraries,Join the post-show discussion,"{""hp"": -1, ""morale"": 3}",You question the puppet until hoarse. He demands security. The director shuts him in a sock drawer.,https://www.whitehouse.gov/fact-sheets/2025/03/fact-sheet-president-donald-j-trump-continues-the-reduction-of-the-federal-bureaucracy/
classic_press_briefing,Forecast: Still Your Problem,Beltway,classic,enc-media-workshop,weather,Answer with the saved weather alerts,"{""sanity"": -1, ""credibility"": 2}","You cross-check every date, exhausted. The storm had issued clearer instructions than your shift manager.",https://www.oversight.gov/reports/evaluation-noaas-september-6-2019-statement-about-hurricane-dorian-forecasts
classic_press_briefing,Forecast: Still Your Problem,Beltway,classic,enc-media-workshop,weather,Send a short account while resting,"{""hp"": 1}","Feet up, you send two sentences. The passenger seat offers better accommodation than your old employer.",https://www.oversight.gov/reports/evaluation-noaas-september-6-2019-statement-about-hurricane-dorian-forecasts
classic_press_briefing,Forecast: Still Your Problem,Beltway,classic,enc-media-workshop,weather,Record an interview; verify the dates,"{""credibility"": 2, ""add_receipt"": ""classic_press_briefing""}",You save the verified recording. The warning said ‘stay home.’ Payroll’s version had different weather.,https://www.oversight.gov/reports/evaluation-noaas-september-6-2019-statement-about-hurricane-dorian-forecasts
classic_press_pool_qna,"An Interview, Between Refills",Beltway,classic,enc-cafe,signal,Answer with receipts on the table,"{""credibility"": 2, ""sanity"": -1}","You check every total, exhausted. The reporter asks if you bought breakfast or the diner.",https://apnews.com/article/c0addd08c627ab01a37ea63621cb695e
classic_press_pool_qna,"An Interview, Between Refills",Beltway,classic,enc-cafe,signal,Give the mileage from memory,"{""sanity"": 1, ""credibility"": -1}","Quick, painless, wrong. The reporter checks the map. Your estimate has driven farther than the van.",https://apnews.com/article/c0addd08c627ab01a37ea63621cb695e
classic_press_pool_qna,"An Interview, Between Refills",Beltway,classic,enc-cafe,signal,Let a crewmate talk; stretch out,"{""credibility"": 0, ""morale"": 1, ""rest"": true}",They take the questions. You become the first person in a political interview to lie down openly.,https://apnews.com/article/c0addd08c627ab01a37ea63621cb695e
classic_radio_phonebank,College Radio Phonebank,Heartland / RustBelt,classic,enc-radio,libraries,Join the live call-in,"{""credibility"": 1, ""morale"": 1}","'Free Wi-Fi scares billionaires,' you tell listeners. 'People might read the second half of the contract.'",https://www.whitehouse.gov/fact-sheets/2025/03/fact-sheet-president-donald-j-trump-continues-the-reduction-of-the-federal-bureaucracy/
classic_radio_phonebank,College Radio Phonebank,Heartland / RustBelt,classic,enc-radio,libraries,Share one snack bundle; rehearse calls,"{""supplies"": -1, ""credibility"": 2}",You pass out snacks and rehearse calls. The script contains fewer apologies than your work emails.,https://www.whitehouse.gov/fact-sheets/2025/03/fact-sheet-president-donald-j-trump-continues-the-reduction-of-the-federal-bureaucracy/
classic_radio_phonebank,College Radio Phonebank,Heartland / RustBelt,classic,enc-radio,libraries,Record the $8 support spot,"{""sanity"": 1, ""cash_cents"": 800}",You record the spot and pocket eight dollars. Your unpaid opinions are filing a grievance.,https://www.whitehouse.gov/fact-sheets/2025/03/fact-sheet-president-donald-j-trump-continues-the-reduction-of-the-federal-bureaucracy/
classic_service_station,Service Station Handoff,Heartland / RustBelt / PacificCoast / MountainWest / Southwest,classic,enc-service,tariffs,Use spares; rest during servicing,"{""supplies"": -1, ""hp"": 2}",Your spares go in; you rest. The waiting-room chair delivers the recovery Washington advertised.,https://www.govinfo.gov/app/details/DCPD-202500403
classic_service_station,Service Station Handoff,Heartland / RustBelt / PacificCoast / MountainWest / Southwest,classic,enc-service,tariffs,Describe the trouble to apprentices,"{""credibility"": 1}",The apprentices record the symptoms. The van receives more oversight than the tariff plan.,https://www.govinfo.gov/app/details/DCPD-202500403
classic_service_station,Service Station Handoff,Heartland / RustBelt / PacificCoast / MountainWest / Southwest,classic,enc-service,tariffs,Fit your spare wipers,"{""supplies"": -1}",Wipers fitted. You can see the road again. The economic outlook remains streaky.,https://www.govinfo.gov/app/details/DCPD-202500403
classic_union_blockade,Union Solidarity Blockade,RustBelt / Beltway,classic,enc-street,tariffs,Take places on the picket,"{""credibility"": 2, ""morale"": 1}",You raise your signs. Management reports a troubling rise in employee engagement.,https://www.govinfo.gov/app/details/DCPD-202500403
classic_union_blockade,Union Solidarity Blockade,RustBelt / Beltway,classic,enc-street,tariffs,Accept a pack; pass quietly,"{""supplies"": 1}",The steward passes up a road pack. The outside agitators are now carrying snacks.,https://www.govinfo.gov/app/details/DCPD-202500403
classic_union_blockade,Union Solidarity Blockade,RustBelt / Beltway,classic,enc-street,tariffs,Share one supply pack,"{""supplies"": -1, ""morale"": 2}",You open the snacks. The picket's first shareholder meeting distributes actual crackers.,https://www.govinfo.gov/app/details/DCPD-202500403
classic_water_drive,Water Drive Relay,Heartland / Beltway / PacificCoast / MountainWest / Southwest,classic,enc-community,shower,Donate two water bundles,"{""supplies"": -2, ""credibility"": 1}",Drivers refill their bottles. Your water policy has passed its first test: containing water.,https://www.whitehouse.gov/presidential-actions/2025/04/maintaining-acceptable-water-pressure-in-showerheads/
classic_water_drive,Water Drive Relay,Heartland / Beltway / PacificCoast / MountainWest / Southwest,classic,enc-community,shower,Unload for two supply bundles,"{""hp"": -1, ""supplies"": 2}",Two bundles earned. Your arms object to being classified as critical infrastructure.,https://www.whitehouse.gov/presidential-actions/2025/04/maintaining-acceptable-water-pressure-in-showerheads/
deep_circuit_breaker,"One Socket, Six Phones",RustBelt / Beltway,deep / deep_end,enc-service,tariffs,Use a spare adapter; rest,"{""supplies"": -1, ""hp"": 1}",The adapter gets replaced; you get a chair. Neither requires a Senate hearing.,https://www.govinfo.gov/app/details/DCPD-202500403
deep_circuit_breaker,"One Socket, Six Phones",RustBelt / Beltway,deep / deep_end,enc-service,tariffs,Unplug everything; continue without charging,"{""hp"": -1}",Your neck aches over the last charged phone. The other five enjoy tariff protection from electricity.,https://www.govinfo.gov/app/details/DCPD-202500403
deep_circuit_breaker,"One Socket, Six Phones",RustBelt / Beltway,deep / deep_end,enc-service,tariffs,Use two repair packs; document costs,"{""supplies"": -2, ""credibility"": 1}","Fix completed, price notice saved. At last, a rising percentage that isn’t on a price tag.",https://www.govinfo.gov/app/details/DCPD-202500403
deep_field_intel,Carry This to Washington,Heartland / RustBelt,deep / deep_end,enc-library,signal,File the evidence — 1 supply,"{""supplies"": -1, ""credibility"": 2, ""add_receipt"": ""deep_field_intel""}","Sources checked, folder packed. Washington’s homework rides on the floor. It didn’t chip in for gas.",https://apnews.com/article/c0addd08c627ab01a37ea63621cb695e
deep_field_intel,Carry This to Washington,Heartland / RustBelt,deep / deep_end,enc-library,signal,Donate storage folders — 2 supplies,"{""supplies"": -2, ""morale"": 2}",Their private copies get separate folders marked ‘PRIVATE.’ The cabinet is welcome to steal this technology.,https://apnews.com/article/c0addd08c627ab01a37ea63621cb695e
deep_field_intel,Carry This to Washington,Heartland / RustBelt,deep / deep_end,enc-library,signal,Check for missed contact details,"{""sanity"": 1}",You catch a phone number in the public copy. One stroke of a pen; no press conference explaining how secure the pen is.,https://apnews.com/article/c0addd08c627ab01a37ea63621cb695e
deep_grassroots_signal,The Rally Address Has Entered the Chat,Heartland / RustBelt / Beltway / PacificCoast / MountainWest / Southwest,deep / deep_end,enc-rest-area,signal,Check and share the organizer’s notice,"{""credibility"": 2}",You confirm the address and send the dated link. The padlock gets promoted to decoration.,https://apnews.com/article/c0addd08c627ab01a37ea63621cb695e
deep_grassroots_signal,The Rally Address Has Entered the Chat,Heartland / RustBelt / Beltway / PacificCoast / MountainWest / Southwest,deep / deep_end,enc-rest-area,signal,Trace and save the screenshots,"{""sanity"": -1, ""add_receipt"": ""deep_grassroots_signal""}","You date the screenshots: wrong town, wrong year. Your phone now needs a cigarette.",https://apnews.com/article/c0addd08c627ab01a37ea63621cb695e
deep_grassroots_signal,The Rally Address Has Entered the Chat,Heartland / RustBelt / Beltway / PacificCoast / MountainWest / Southwest,deep / deep_end,enc-rest-area,signal,Forward everything as confirmed,"{""credibility"": -2}",Your directions send a friend to an empty parking lot. Congratulations on organizing a deeply private rally.,https://apnews.com/article/c0addd08c627ab01a37ea63621cb695e
deep_media_ambush,Please Hold While We Check Reality,Beltway / PacificCoast / MountainWest / Southwest,deep / deep_end,enc-media-workshop,weather,Answer using the investigation,"{""sanity"": -1, ""credibility"": 2}",Your answers match the report. Your patience runs out when ‘the president’ asks to speak to the weather’s manager.,https://www.oversight.gov/reports/evaluation-noaas-september-6-2019-statement-about-hurricane-dorian-forecasts
deep_media_ambush,Please Hold While We Check Reality,Beltway / PacificCoast / MountainWest / Southwest,deep / deep_end,enc-media-workshop,weather,Practice one answer together,"{""sanity"": 1}",You rehearse ‘Show me where it says that.’ Nobody offers the imaginary president a refill.,https://www.oversight.gov/reports/evaluation-noaas-september-6-2019-statement-about-hurricane-dorian-forecasts
deep_media_ambush,Please Hold While We Check Reality,Beltway / PacificCoast / MountainWest / Southwest,deep / deep_end,enc-media-workshop,weather,Send remembered notes; take a nap,"{""sanity"": 2, ""credibility"": -1}","Excellent nap. Incorrect summary. The report has your correction waiting when you wake, like a shift supervisor.",https://www.oversight.gov/reports/evaluation-noaas-september-6-2019-statement-about-hurricane-dorian-forecasts
deep_memorandum_dump,The Public Paper Pile,RustBelt,deep / deep_end,enc-library,receipts,Sort and save the dated notices,"{""sanity"": -1, ""credibility"": 2, ""add_receipt"": ""deep_memorandum_dump""}","Head aching, you file the notices. “Savings” takes three folders; “service” fits under CLOSED.",https://abcnews.go.com/US/doge-claims-55-billion-government-cuts-figure-hard/story?id=118966190
deep_memorandum_dump,The Public Paper Pile,RustBelt,deep / deep_end,enc-library,receipts,Mail copies using your stationery,"{""credibility"": 1, ""supplies"": -1}",Copies mailed. Washington’s savings plan is now eating into your envelope stash.,https://abcnews.go.com/US/doge-claims-55-billion-government-cuts-figure-hard/story?id=118966190
deep_memorandum_dump,The Public Paper Pile,RustBelt,deep / deep_end,enc-library,receipts,Store the files; close the folder,"{""sanity"": 2}","Files saved, folder closed. By DOGE standards, you’ve now eliminated all the paperwork.",https://abcnews.go.com/US/doge-claims-55-billion-government-cuts-figure-hard/story?id=118966190
deep_secure_line,"Private Chat, Public Application",Heartland / PacificCoast / MountainWest / Southwest,deep / deep_end,enc-motel,signal,Check the roster; document the problem,"{""sanity"": 1, ""add_receipt"": ""deep_secure_line""}",You record stray contacts without private details. The vending-machine guy confirms he is not HR.,https://apnews.com/article/c0addd08c627ab01a37ea63621cb695e
deep_secure_line,"Private Chat, Public Application",Heartland / PacificCoast / MountainWest / Southwest,deep / deep_end,enc-motel,signal,Repeat the manager’s privacy assurance,"{""credibility"": -1}","‘Totally private,’ you tell everyone. A former employee replies, ‘I quit during the Obama administration.’",https://apnews.com/article/c0addd08c627ab01a37ea63621cb695e
deep_secure_line,"Private Chat, Public Application",Heartland / PacificCoast / MountainWest / Southwest,deep / deep_end,enc-motel,signal,Get access rules written — 1 supply,"{""supplies"": -1, ""credibility"": 1}",He lists who may see applications. The housekeeper crosses out ‘everyone in the chat.’ One more mess management expects her to clean.,https://apnews.com/article/c0addd08c627ab01a37ea63621cb695e
deep_state_dirge,The Public Comment Endurance Test,RustBelt / Beltway,deep / deep_end,enc-civic,bullets,Use one snack pack; stay and speak,"{""sanity"": -2, ""credibility"": 3, ""supplies"": -1}","Snacks gone, patience gone, statement recorded. Your three minutes contain more verbs than the chair's hour.",https://apnews.com/article/53e59ab9a4bc52ce5553e0e83bb8cc7b
deep_state_dirge,The Public Comment Endurance Test,RustBelt / Beltway,deep / deep_end,enc-civic,bullets,Withdraw; walk back to the van,"{""sanity"": 1, ""credibility"": -2, ""hp"": -1}","You hike back, aching and unheard. The chair records another successful reduction in public complaints.",https://apnews.com/article/53e59ab9a4bc52ce5553e0e83bb8cc7b
deep_state_dirge,The Public Comment Endurance Test,RustBelt / Beltway,deep / deep_end,enc-civic,bullets,Take a hallway breather,"{""sanity"": 2, ""credibility"": -1}",You miss your turn but recover your patience. The chair thanks the empty microphone for keeping its comments brief.,https://apnews.com/article/53e59ab9a4bc52ce5553e0e83bb8cc7b
deep_watch_party,"Public Accountability, Folding Chairs",Heartland / Beltway,deep / deep_end,enc-media-workshop,weather,Check the discussion against the investigation,"{""sanity"": -1, ""credibility"": 2}",The dates line up. The excuses don’t. Your headache has excellent supporting documentation.,https://www.oversight.gov/reports/evaluation-noaas-september-6-2019-statement-about-hurricane-dorian-forecasts
deep_watch_party,"Public Accountability, Folding Chairs",Heartland / Beltway,deep / deep_end,enc-media-workshop,weather,Save the recording; step outside,"{""sanity"": 1}",You bookmark the discussion and escape the chair. Accountability can continue without conducting experiments on your tailbone.,https://www.oversight.gov/reports/evaluation-noaas-september-6-2019-statement-about-hurricane-dorian-forecasts
deep_watch_party,"Public Accountability, Folding Chairs",Heartland / Beltway,deep / deep_end,enc-media-workshop,weather,Share a recap from memory; get some sleep,"{""credibility"": -1, ""rest"": true}","You sleep through the correction to your forwarded claim. A perfect cabinet performance, minus the salary.",https://www.oversight.gov/reports/evaluation-noaas-september-6-2019-statement-about-hurricane-dorian-forecasts
deep_watchdog_sync,Receipts at the Community Table,RustBelt / Beltway,deep / deep_end,enc-library,receipts,Use your paper; share checked examples,"{""supplies"": -1, ""credibility"": 2, ""add_receipt"": ""deep_watchdog_sync""}","Copies made, checked notes saved. The biscuit tin survives its audit without requiring a spokesperson.",https://abcnews.go.com/US/doge-claims-55-billion-government-cuts-figure-hard/story?id=118966190
deep_watchdog_sync,Receipts at the Community Table,RustBelt / Beltway,deep / deep_end,enc-library,receipts,Listen; ask for the sources,"{""sanity"": 1}",The totals finally add up. Somebody checks the calculator for a deep-state switch.,https://abcnews.go.com/US/doge-claims-55-billion-government-cuts-figure-hard/story?id=118966190
deep_watchdog_sync,Receipts at the Community Table,RustBelt / Beltway,deep / deep_end,enc-library,receipts,Post the unchecked notes,"{""credibility"": -2}",Your total gets corrected. Congratulations: you've brought federal accounting standards to the neighborhood.,https://abcnews.go.com/US/doge-claims-55-billion-government-cuts-figure-hard/story?id=118966190
fundraiser_detour,Fundraiser Detour,Heartland / RustBelt / PacificCoast / MountainWest / Southwest,classic,enc-community,food,Contribute two bundles and mingle,"{""supplies"": -2, ""credibility"": 1}",You supply actual food. The organizer puts your names above the company that donated a JPEG.,https://content.govdelivery.com/accounts/WIDATCP/bulletins/3d6544a
fundraiser_detour,Fundraiser Detour,Heartland / RustBelt / PacificCoast / MountainWest / Southwest,classic,enc-community,food,Skip it; stay on route,"{""hp"": 0, ""sanity"": 1, ""supplies"": 0}",You skip the speeches. The engine makes fewer promises and is noticeably easier to interrupt.,https://content.govdelivery.com/accounts/WIDATCP/bulletins/3d6544a
raw_milk,Corporate Says It’s Healthy,Heartland / PacificCoast / MountainWest / Southwest,classic / deep_end,enc-community,maha,Drink the free milk,"{""hp"": -1, ""sanity"": -1}",Your stomach begins its own review. The next exit becomes the only policy issue that matters.,https://abcnews.go.com/Politics/rfk-jrs-maha-report-contained-existent-studies/story?id=122321059
raw_milk,Corporate Says It’s Healthy,Heartland / PacificCoast / MountainWest / Southwest,classic / deep_end,enc-community,maha,Decline; check the study links,"{""credibility"": 1, ""morale"": 1}",The cited study isn’t about milk. You show the attendant. Corporate’s science joins the recycling.,https://abcnews.go.com/Politics/rfk-jrs-maha-report-contained-existent-studies/story?id=122321059
raw_milk,Corporate Says It’s Healthy,Heartland / PacificCoast / MountainWest / Southwest,classic / deep_end,enc-community,maha,Take one free snack pack,"{""supplies"": 1}",You stash the snacks. Their ingredients list fits on the wrapper without a presidential commission.,https://abcnews.go.com/Politics/rfk-jrs-maha-report-contained-existent-studies/story?id=122321059
tariff_whiplash,Tariff Whiplash,RustBelt / Beltway / PacificCoast / MountainWest / Southwest,classic / deep_end,enc-service,tariffs,Check terms; trade two supply packs,"{""supplies"": -2, ""credibility"": 1}",Two packs gone; surcharge documented. Your signature apparently approved whatever number came next.,https://www.govinfo.gov/app/details/DCPD-202500403
tariff_whiplash,Tariff Whiplash,RustBelt / Beltway / PacificCoast / MountainWest / Southwest,classic / deep_end,enc-service,tariffs,Claim the extra pack was included,"{""supplies"": 1, ""credibility"": -1}",You get the extra pack and lose the benefit of the doubt. Management material.,https://www.govinfo.gov/app/details/DCPD-202500403
tariff_whiplash,Tariff Whiplash,RustBelt / Beltway / PacificCoast / MountainWest / Southwest,classic / deep_end,enc-service,tariffs,Compare slips; offer one supply pack,"{""supplies"": -1, ""credibility"": 2}","One pack accepted, corrected terms saved. Corporate's positive-attitude email survives every revision.",https://www.govinfo.gov/app/details/DCPD-202500403
town_hall_drift,Has Anyone Tried Paying the Rent?,Heartland / RustBelt,classic,enc-civic,maha,Wait your turn to read the rent figures,"{""credibility"": 2, ""sanity"": -1, ""hp"": -1}",Standing wears you out. You read the posted rents aloud; he cuts the mic. The room is now officially affordable.,https://abcnews.go.com/Politics/rfk-jrs-maha-report-contained-existent-studies/story?id=122321059
town_hall_drift,Has Anyone Tried Paying the Rent?,Heartland / RustBelt,classic,enc-civic,maha,Stay for the neighbors’ complaints,"{""sanity"": 1, ""morale"": 2, ""hp"": -1}","Your legs ache. A tenant suggests listing the council member on Airbnb: spacious, vacant, difficult to contact.",https://abcnews.go.com/Politics/rfk-jrs-maha-report-contained-existent-studies/story?id=122321059
town_hall_drift,Has Anyone Tried Paying the Rent?,Heartland / RustBelt,classic,enc-civic,maha,Retreat; quote rents from memory,"{""sanity"": 2, ""credibility"": -1}","The quiet helps. Your ‘rents doubled’ claim fails a phone check. You try again, louder.",https://abcnews.go.com/Politics/rfk-jrs-maha-report-contained-existent-studies/story?id=122321059
deep_waystation_boost,Heartland Waystation,Heartland,deep / deep_end,enc-convoy,food,Stack crates; take the fastest shortcut,"{""travel_bonus_ratio"": 0.4, ""sanity"": 1}",You move the crates and skip the jam. Six workers outmaneuver a planning committee without appointing one.,https://content.govdelivery.com/accounts/WIDATCP/bulletins/3d6544a
deep_waystation_boost,Heartland Waystation,Heartland,deep / deep_end,enc-convoy,food,Drink their coffee; take the easier route,"{""travel_bonus_ratio"": 0.25, ""morale"": 1}",Coffee improves the directions. The driver narrates the map like the van has acquired a sports commentator.,https://content.govdelivery.com/accounts/WIDATCP/bulletins/3d6544a
deep_rustbelt_convoy,Rust Belt Convoy,RustBelt,deep / deep_end,enc-convoy,tariffs,Share a pack; follow the lead,"{""travel_bonus_ratio"": 0.5, ""supplies"": -1}","Snacks shared, miles gained. The trucker’s “Follow me” is the shortest trade policy you’ve heard all day.",https://www.govinfo.gov/app/details/DCPD-202500403
deep_rustbelt_convoy,Rust Belt Convoy,RustBelt,deep / deep_end,enc-convoy,tariffs,Join the marked-detour group,"{""travel_bonus_ratio"": 0.3, ""credibility"": 1}",You signal and leave a gap. The trucker approves a trade agreement consisting entirely of waving.,https://www.govinfo.gov/app/details/DCPD-202500403
deep_beltway_fastpass,The Flagger Knows the Way,Beltway,deep / deep_end,enc-checkpoint,receipts,Take the coned route on signal,"{""travel_bonus_ratio"": 0.45}",You gain miles. The flagger gets you moving with one hand. The banner requires two poles to stand there.,https://abcnews.go.com/US/doge-claims-55-billion-government-cuts-figure-hard/story?id=118966190
deep_beltway_fastpass,The Flagger Knows the Way,Beltway,deep / deep_end,enc-checkpoint,receipts,Wait for the easier merge,"{""travel_bonus_ratio"": 0.28, ""sanity"": 1}",You merge smoothly. The back-seat transport committee is reduced to one satisfied grunt.,https://abcnews.go.com/US/doge-claims-55-billion-government-cuts-figure-hard/story?id=118966190
clinic_triage,No Subscription Required,Heartland / RustBelt / Beltway / PacificCoast / MountainWest / Southwest,classic / deep / deep_end,enc-clinic,maha,Wave them off,"{""sanity"": -1}",You declare everyone fine. Six worried people spend the next mile conducting a medical review by side-eye.,https://abcnews.go.com/Politics/rfk-jrs-maha-report-contained-existent-studies/story?id=122321059
clinic_triage,No Subscription Required,Heartland / RustBelt / Beltway / PacificCoast / MountainWest / Southwest,classic / deep / deep_end,enc-clinic,maha,Use your water; get checked — 1 supply,"{""supplies"": -1, ""hp"": 1}",You drink your water and get checked. The bill is so absent you check under the chair.,https://abcnews.go.com/Politics/rfk-jrs-maha-report-contained-existent-studies/story?id=122321059
clinic_triage,No Subscription Required,Heartland / RustBelt / Beltway / PacificCoast / MountainWest / Southwest,classic / deep / deep_end,enc-clinic,maha,Donate and document shortages — 2 supplies,"{""supplies"": -2, ""credibility"": 2}","Bandages donated, shortages logged. The wellness banner covers twelve square feet and absolutely no wounds.",https://abcnews.go.com/Politics/rfk-jrs-maha-report-contained-existent-studies/story?id=122321059
overnight_briefing,"Five Accomplishments, Six Exhausted People",RustBelt / Beltway,classic / deep / deep_end,enc-night-briefing,bullets,Keep everyone awake; finish the notes,"{""sanity"": -1}",The notes grow longer. The van becomes an unpaid staff meeting with worse ventilation.,https://apnews.com/article/53e59ab9a4bc52ce5553e0e83bb8cc7b
overnight_briefing,"Five Accomplishments, Six Exhausted People",RustBelt / Beltway,classic / deep / deep_end,enc-night-briefing,bullets,Share one pack; take turns working,"{""supplies"": -1, ""rest"": true, ""sanity"": 1}",One supply pack buys rotating naps. Democracy runs on crackers and whoever's least asleep.,https://apnews.com/article/53e59ab9a4bc52ce5553e0e83bb8cc7b
overnight_briefing,"Five Accomplishments, Six Exhausted People",RustBelt / Beltway,classic / deep / deep_end,enc-night-briefing,bullets,Accept the attendant’s offer; sleep,"{""allies"": 1, ""rest"": true}",You sleep; your new ally texts when the doors open. The message ends before anyone asks for a campaign donation.,https://apnews.com/article/53e59ab9a4bc52ce5553e0e83bb8cc7b
sat_straw_reserve,Emergency Straw Reserve,Heartland,classic / deep / deep_end,enc-community,straws,Buy two water bundles: $6,"{""cash_cents"": -600, ""supplies"": 2}","Six dollars for water, free straws. Washington would like credit for the affordable part.",https://www.whitehouse.gov/fact-sheets/2025/02/fact-sheet-president-donald-j-trump-ends-the-procurement-and-forced-use-of-paper-straws/
sat_straw_reserve,Emergency Straw Reserve,Heartland,classic / deep / deep_end,enc-community,straws,Count the boxes for $10,"{""cash_cents"": 1000, ""sanity"": -1}",Ten dollars earned. The manager asks for a second count. Freedom has a closing checklist.,https://www.whitehouse.gov/fact-sheets/2025/02/fact-sheet-president-donald-j-trump-ends-the-procurement-and-forced-use-of-paper-straws/
sat_straw_reserve,Emergency Straw Reserve,Heartland,classic / deep / deep_end,enc-community,straws,Keep driving; skip the straws,"{""morale"": -1}",You pass a 'WE LISTENED' banner. Six broke people try to look more like drinking utensils.,https://www.whitehouse.gov/fact-sheets/2025/02/fact-sheet-president-donald-j-trump-ends-the-procurement-and-forced-use-of-paper-straws/
sat_corn_bullets,Five Things Corn Did Last Week,Heartland,classic / deep / deep_end,enc-farm-office,bullets,Document the work the form omits,"{""sanity"": -1, ""credibility"": 2, ""add_receipt"": ""sat_corn_bullets""}","You save her approved account, cross-eyed. Management has converted photosynthesis into a clerical backlog.",https://apnews.com/article/53e59ab9a4bc52ce5553e0e83bb8cc7b
sat_corn_bullets,Five Things Corn Did Last Week,Heartland,classic / deep / deep_end,enc-farm-office,bullets,Type her notes for $8,"{""cash_cents"": 800, ""morale"": 1}",You type her notes and pocket eight dollars. The corn has hired a ghostwriter.,https://apnews.com/article/53e59ab9a4bc52ce5553e0e83bb8cc7b
sat_corn_bullets,Five Things Corn Did Last Week,Heartland,classic / deep / deep_end,enc-farm-office,bullets,Pass on the paperwork,"{""morale"": -1}","You leave her filling boxes. Outside, the corn brazenly refuses to network.",https://apnews.com/article/53e59ab9a4bc52ce5553e0e83bb8cc7b
sat_grant_groceries,Locally Grown Funding Gap,Heartland,classic / deep / deep_end,enc-community,food,Donate two food bundles,"{""supplies"": -2, ""allies"": 1}",The co-op swaps contact details with you. Your beans have negotiated better connections than your résumé.,https://content.govdelivery.com/accounts/WIDATCP/bulletins/3d6544a
sat_grant_groceries,Locally Grown Funding Gap,Heartland,classic / deep / deep_end,enc-community,food,Load crates for $12,"{""cash_cents"": 1200, ""hp"": -1, ""morale"": 1}",You load the crates and collect twelve dollars. Your back sends its invoice separately.,https://content.govdelivery.com/accounts/WIDATCP/bulletins/3d6544a
sat_grant_groceries,Locally Grown Funding Gap,Heartland,classic / deep / deep_end,enc-community,food,Keep your supplies; keep driving,"{""morale"": -1}","Back in the van, you discuss incorporating the beans. Maybe then somebody will bail them out.",https://content.govdelivery.com/accounts/WIDATCP/bulletins/3d6544a
sat_cow_citations,The Cow Hasn’t Read It Either,Heartland,classic / deep / deep_end,enc-community,maha,Check titles; save the dead links,"{""sanity"": -1, ""credibility"": 3, ""add_receipt"": ""sat_cow_citations""}","You save the mismatches, squinting. The cow remains the only author you can locate.",https://abcnews.go.com/Politics/rfk-jrs-maha-report-contained-existent-studies/story?id=122321059
sat_cow_citations,The Cow Hasn’t Read It Either,Heartland,classic / deep / deep_end,enc-community,maha,Buy two snack packs — $5,"{""cash_cents"": -500, ""supplies"": 2}",Five dollars. Two snack packs. The wrappers make no campaign promises.,https://abcnews.go.com/Politics/rfk-jrs-maha-report-contained-existent-studies/story?id=122321059
sat_cow_citations,The Cow Hasn’t Read It Either,Heartland,classic / deep / deep_end,enc-community,maha,Leave the stand,"{""morale"": -1}",You leave hungry. The cardboard cow keeps smiling through lunch. Corporate has finally found its model employee.,https://abcnews.go.com/Politics/rfk-jrs-maha-report-contained-existent-studies/story?id=122321059
sat_forecast_corrected,Optimism Will Not Dry Your Socks,Heartland,classic / deep / deep_end,enc-street,weather,Shelter and eat — 1 supply,"{""supplies"": -1, ""hp"": 1}","You recover over a snack. Outside, the sun sticker makes its first contact with weather.",https://www.oversight.gov/reports/evaluation-noaas-september-6-2019-statement-about-hurricane-dorian-forecasts
sat_forecast_corrected,Optimism Will Not Dry Your Socks,Heartland,classic / deep / deep_end,enc-street,weather,Trust the sign; reassure the crew,"{""sanity"": 1, ""credibility"": -2}",You relax and announce clear skies. Then the first raindrop performs a hostile fact-check.,https://www.oversight.gov/reports/evaluation-noaas-september-6-2019-statement-about-hurricane-dorian-forecasts
sat_forecast_corrected,Optimism Will Not Dry Your Socks,Heartland,classic / deep / deep_end,enc-street,weather,Skip the festival,"{""morale"": -1}",You pass the fry stall. Nobody says ‘at least we saved money’ without a death stare.,https://www.oversight.gov/reports/evaluation-noaas-september-6-2019-statement-about-hurricane-dorian-forecasts
sat_parking_gulf,Gulf of Parking Lot,Heartland,classic / deep / deep_end,enc-rest-area,names,Repaint the sign for $7,"{""cash_cents"": 700, ""sanity"": -1}",Seven dollars earned. The owner announces a waterfront upgrade. The attendant resumes asking for a drain.,https://www.whitehouse.gov/presidential-actions/2025/01/restoring-names-that-honor-american-greatness/
sat_parking_gulf,Gulf of Parking Lot,Heartland,classic / deep / deep_end,enc-rest-area,names,Check and mark the dry exit,"{""credibility"": 2}",You mark the dry exit. The owner's maritime empire ends at a correctly drawn arrow.,https://www.whitehouse.gov/presidential-actions/2025/01/restoring-names-that-honor-american-greatness/
sat_parking_gulf,Gulf of Parking Lot,Heartland,classic / deep / deep_end,enc-rest-area,names,Leave before the parking pitch,"{""morale"": -1}",You leave the puddle undefeated. The van's cup holder remains your entire waterfront portfolio.,https://www.whitehouse.gov/presidential-actions/2025/01/restoring-names-that-honor-american-greatness/
sat_library_minimum,The Minimum Viable Library,Heartland,classic / deep / deep_end,enc-library,libraries,Donate one reading-table snack bundle,"{""supplies"": -1, ""allies"": 1, ""sanity"": 1}",The librarian gives you her contact card. Your crackers now qualify as a suspiciously effective public-private partnership.,https://www.whitehouse.gov/fact-sheets/2025/03/fact-sheet-president-donald-j-trump-continues-the-reduction-of-the-federal-bureaucracy/
sat_library_minimum,The Minimum Viable Library,Heartland,classic / deep / deep_end,enc-library,libraries,Check catalog entries for $9,"{""cash_cents"": 900, ""sanity"": -1, ""credibility"": 1}",Nine dollars earned and a librarian's endorsement. Your eyes would like books to come in fewer letters.,https://www.whitehouse.gov/fact-sheets/2025/03/fact-sheet-president-donald-j-trump-continues-the-reduction-of-the-federal-bureaucracy/
sat_library_minimum,The Minimum Viable Library,Heartland,classic / deep / deep_end,enc-library,libraries,Get back on the road,"{""morale"": -1}",You pass the free-computer sign. Dangerous stuff. Somebody could look up what a union does.,https://www.whitehouse.gov/fact-sheets/2025/03/fact-sheet-president-donald-j-trump-continues-the-reduction-of-the-federal-bureaucracy/
sat_tariff_forklift,The Tariff Relabeling Shift,Heartland,classic / deep / deep_end,enc-convoy,tariffs,Move the boxes for $14,"{""cash_cents"": 1400, ""hp"": -1}",Fourteen dollars earned. Your shoulders would like to offshore the next box.,https://www.govinfo.gov/app/details/DCPD-202500403
sat_tariff_forklift,The Tariff Relabeling Shift,Heartland,classic / deep / deep_end,enc-convoy,tariffs,Match labels for two supply packs,"{""supplies"": 2, ""sanity"": -1}","Cross-eyed, you collect two road packs. You check whether lunch has also been amended.",https://www.govinfo.gov/app/details/DCPD-202500403
sat_tariff_forklift,The Tariff Relabeling Shift,Heartland,classic / deep / deep_end,enc-convoy,tariffs,Pass on the work,"{""morale"": -1}",The boxes stay. So does the gas-money problem.,https://www.govinfo.gov/app/details/DCPD-202500403
sat_alternator_tariff,The Patriotic Parts Counter,RustBelt,classic / deep / deep_end,enc-service,tariffs,Buy the kit — $12,"{""cash_cents"": -1200, ""supplies"": 3}",You buy the kit. China owes you a beer.,https://www.govinfo.gov/app/details/DCPD-202500403
sat_alternator_tariff,The Patriotic Parts Counter,RustBelt,classic / deep / deep_end,enc-service,tariffs,Get a written quote,"{""sanity"": -1, ""credibility"": 2, ""add_receipt"": ""sat_alternator_tariff""}",She prints it. “For your reimbursement from China.”,https://www.govinfo.gov/app/details/DCPD-202500403
sat_alternator_tariff,The Patriotic Parts Counter,RustBelt,classic / deep / deep_end,enc-service,tariffs,Leave with the $12,"{""morale"": -1}","The kit stays on the shelf, awaiting payment from Beijing.",https://www.govinfo.gov/app/details/DCPD-202500403
sat_billion_pothole,The Eight-Billion-Dollar Pothole,RustBelt,classic / deep / deep_end,enc-cafe,receipts,Save the claim and correction,"{""credibility"": 3, ""sanity"": -1, ""add_receipt"": ""sat_billion_pothole""}",You save both. A cashier has to explain a missing quarter. DOGE gets three spare zeroes.,https://abcnews.go.com/US/doge-claims-55-billion-government-cuts-figure-hard/story?id=118966190
sat_billion_pothole,The Eight-Billion-Dollar Pothole,RustBelt,classic / deep / deep_end,enc-cafe,receipts,Haul the bags — earn $10,"{""cash_cents"": 1000, ""hp"": -1}",You haul the bags and pocket $10. Your back would prefer DOGE’s math.,https://abcnews.go.com/US/doge-claims-55-billion-government-cuts-figure-hard/story?id=118966190
sat_billion_pothole,The Eight-Billion-Dollar Pothole,RustBelt,classic / deep / deep_end,enc-cafe,receipts,Drive around the damn hole,"{""morale"": -1}","Finally, a problem you can solve by moving further left.",https://abcnews.go.com/US/doge-claims-55-billion-government-cuts-figure-hard/story?id=118966190
sat_bridge_bullets,Please Account for the Bridge,RustBelt,classic / deep / deep_end,enc-bridge,bullets,"Type, check and save their report","{""sanity"": -2, ""credibility"": 2, ""add_receipt"": ""sat_bridge_bullets""}","Report saved, eyes aching. “Kept the cars out of the river” is somehow the difficult part to explain.",https://apnews.com/article/53e59ab9a4bc52ce5553e0e83bb8cc7b
sat_bridge_bullets,Please Account for the Bridge,RustBelt,classic / deep / deep_end,enc-bridge,bullets,Share one lunch pack,"{""supplies"": -1, ""allies"": 1}",Your new ally submits “chewed” five times on the wrapper. Lunch now qualifies as more productive than bridge repair.,https://apnews.com/article/53e59ab9a4bc52ce5553e0e83bb8cc7b
sat_bridge_bullets,Please Account for the Bridge,RustBelt,classic / deep / deep_end,enc-bridge,bullets,Take the reopened lane,"{""morale"": -1}",You cross the bridge. Its workers are still explaining why that should count.,https://apnews.com/article/53e59ab9a4bc52ce5553e0e83bb8cc7b
sat_press_pool_radio,"Reply All, Clock Out",RustBelt,classic / deep / deep_end,enc-cafe,signal,Document the mix-up with permission,"{""credibility"": 2}",You show the owner. He creates separate chats and calls it a restructuring.,https://apnews.com/article/c0addd08c627ab01a37ea63621cb695e
sat_press_pool_radio,"Reply All, Clock Out",RustBelt,classic / deep / deep_end,enc-cafe,signal,Sort the contacts for $8,"{""cash_cents"": 800, ""sanity"": -1}",Eight dollars. Forty-seven messages. The owner describes identifying three customers as ‘digital transformation.’,https://apnews.com/article/c0addd08c627ab01a37ea63621cb695e
sat_press_pool_radio,"Reply All, Clock Out",RustBelt,classic / deep / deep_end,enc-cafe,signal,Skip the job,"{""morale"": -1}",You leave without eight dollars. The gas pump has no interest in your work-life balance.,https://apnews.com/article/c0addd08c627ab01a37ea63621cb695e
sat_hydration_pressure,Hydration Sovereignty,RustBelt,classic / deep / deep_end,enc-service,shower,Use one wash-kit bundle; shower,"{""supplies"": -1, ""sanity"": 2}",You emerge clean. The crew declines your suggestion of a ribbon-cutting for the armpits.,https://www.whitehouse.gov/presidential-actions/2025/04/maintaining-acceptable-water-pressure-in-showerheads/
sat_hydration_pressure,Hydration Sovereignty,RustBelt,classic / deep / deep_end,enc-service,shower,Brace the display for $9,"{""cash_cents"": 900, ""hp"": -1}",Nine dollars and aching arms for holding the display upright. The clerk admires the design: 'Saved a fortune on the base.',https://www.whitehouse.gov/presidential-actions/2025/04/maintaining-acceptable-water-pressure-in-showerheads/
sat_hydration_pressure,Hydration Sovereignty,RustBelt,classic / deep / deep_end,enc-service,shower,Stay dry; keep driving,"{""morale"": -1}",You leave unwashed. The van's air freshener submits a resignation letter.,https://www.whitehouse.gov/presidential-actions/2025/04/maintaining-acceptable-water-pressure-in-showerheads/
sat_museum_grant,The Exhibit of Pending Funds,RustBelt,classic / deep / deep_end,enc-museum,libraries,Scan exhibit photos for $11,"{""cash_cents"": 1100, ""sanity"": -1}",You finish the scans and collect eleven dollars. The historical payroll is starting to look competitive.,https://www.whitehouse.gov/fact-sheets/2025/03/fact-sheet-president-donald-j-trump-continues-the-reduction-of-the-federal-bureaucracy/
sat_museum_grant,The Exhibit of Pending Funds,RustBelt,classic / deep / deep_end,enc-museum,libraries,Share one snack bundle; take tour,"{""supplies"": -1, ""morale"": 2}",The guide shares your snacks beside the company-store exhibit. Your employer's discount scheme suddenly looks less original.,https://www.whitehouse.gov/fact-sheets/2025/03/fact-sheet-president-donald-j-trump-continues-the-reduction-of-the-federal-bureaucracy/
sat_museum_grant,The Exhibit of Pending Funds,RustBelt,classic / deep / deep_end,enc-museum,libraries,Head back to the van,"{""morale"": -1}",The exhibit ends at the eight-hour day. Your phone asks whether you'd like to work tonight.,https://www.whitehouse.gov/fact-sheets/2025/03/fact-sheet-president-donald-j-trump-continues-the-reduction-of-the-federal-bureaucracy/
sat_factcheck_shift,Click Here for Fifteen Dollars,RustBelt,classic / deep / deep_end,enc-media-workshop,maha,Check and log links for $15,"{""cash_cents"": 1500, ""sanity"": -2, ""credibility"": 2, ""add_receipt"": ""sat_factcheck_shift""}",Fifteen dollars earned. Mismatches logged. Your eyes have put in for hazard pay.,https://abcnews.go.com/Politics/rfk-jrs-maha-report-contained-existent-studies/story?id=122321059
sat_factcheck_shift,Click Here for Fifteen Dollars,RustBelt,classic / deep / deep_end,enc-media-workshop,maha,Vouch for the studies by title,"{""morale"": 1, ""credibility"": -1}",Your cabinet impression gets a laugh. The editor opens a link: wrong paper. ‘Oh. You’re still doing the impression.’,https://abcnews.go.com/Politics/rfk-jrs-maha-report-contained-existent-studies/story?id=122321059
sat_factcheck_shift,Click Here for Fifteen Dollars,RustBelt,classic / deep / deep_end,enc-media-workshop,maha,Pass on the assignment,"{""morale"": -1}",You decline. The fuel gauge immediately requests a meeting about your career choices.,https://abcnews.go.com/Politics/rfk-jrs-maha-report-contained-existent-studies/story?id=122321059
sat_food_shelf,The Shelf Is Still Hungry,RustBelt,classic / deep / deep_end,enc-community,food,Pack bags for three food bundles,"{""supplies"": 3, ""hp"": -1}",Three bundles earned. Your shoulders would like their share delivered directly to a heating pad.,https://content.govdelivery.com/accounts/WIDATCP/bulletins/3d6544a
sat_food_shelf,The Shelf Is Still Hungry,RustBelt,classic / deep / deep_end,enc-community,food,Sort delivery forms for $10,"{""cash_cents"": 1000, ""sanity"": -1}",Ten dollars for matching groceries to addresses. Add a subscription fee and a tech founder could announce he invented delivery.,https://content.govdelivery.com/accounts/WIDATCP/bulletins/3d6544a
sat_food_shelf,The Shelf Is Still Hungry,RustBelt,classic / deep / deep_end,enc-community,food,Skip the shift,"{""morale"": -1}","You keep driving. For dinner, the government recommends imagining how much worse socialism would taste.",https://content.govdelivery.com/accounts/WIDATCP/bulletins/3d6544a
sat_cabinet_guest,Manager Approval Required,Beltway,classic / deep / deep_end,enc-cafe,signal,Read the actual report,"{""sanity"": -1, ""credibility"": 3, ""add_receipt"": ""sat_cabinet_guest""}","You save it. Apparently you’re cleared for airstrikes, just not dipping sauce.",https://apnews.com/article/c0addd08c627ab01a37ea63621cb695e
sat_cabinet_guest,Manager Approval Required,Beltway,classic / deep / deep_end,enc-cafe,signal,Retell it from memory—with impressions,"{""morale"": 2, ""credibility"": -2}","The crew laughs. You invent a detail, then defend it. Now you’re doing the whole administration.",https://apnews.com/article/c0addd08c627ab01a37ea63621cb695e
sat_cabinet_guest,Manager Approval Required,Beltway,classic / deep / deep_end,enc-cafe,signal,Give her back her break,"{""morale"": -1}","Two minutes for fries, then back to guarding the strategic ranch reserve.",https://apnews.com/article/c0addd08c627ab01a37ea63621cb695e
sat_name_infrastructure,The Name Is the Infrastructure,Beltway,classic / deep / deep_end,enc-service-counter,names,Buy the $6 map as evidence,"{""cash_cents"": -600, ""credibility"": 1}",You keep it beside the closure notice. Six dollars for the county’s collectible alternate reality.,https://www.whitehouse.gov/presidential-actions/2025/01/restoring-names-that-honor-american-greatness/
sat_name_infrastructure,The Name Is the Infrastructure,Beltway,classic / deep / deep_end,enc-service-counter,names,Compare notices with the clerk,"{""sanity"": -1, ""credibility"": 2}",You untangle the notices and save the route. The clerk christens your headache “Progress.” It continues hurting.,https://www.whitehouse.gov/presidential-actions/2025/01/restoring-names-that-honor-american-greatness/
sat_name_infrastructure,The Name Is the Infrastructure,Beltway,classic / deep / deep_end,enc-service-counter,names,Leave and follow the posted detour,"{""morale"": -1}",You take the detour. The ribbon-cutting photo remains the shortest route across the river.,https://www.whitehouse.gov/presidential-actions/2025/01/restoring-names-that-honor-american-greatness/
sat_straw_inspection,Strategic Straw Inspection,Beltway,classic / deep / deep_end,enc-checkpoint,straws,Give cashier one snack; decline video,"{""supplies"": -1, ""credibility"": 1}",She eats your snack on camera. 'I'd like my break now.' His freedom documentary has accidentally acquired a labor demand.,https://www.whitehouse.gov/fact-sheets/2025/02/fact-sheet-president-donald-j-trump-ends-the-procurement-and-forced-use-of-paper-straws/
sat_straw_inspection,Strategic Straw Inspection,Beltway,classic / deep / deep_end,enc-checkpoint,straws,Read and save the actual order,"{""sanity"": -1, ""credibility"": 2, ""add_receipt"": ""sat_straw_inspection""}",You save the order and correct him on camera. He asks whether facts come in plastic.,https://www.whitehouse.gov/fact-sheets/2025/02/fact-sheet-president-donald-j-trump-ends-the-procurement-and-forced-use-of-paper-straws/
sat_straw_inspection,Strategic Straw Inspection,Beltway,classic / deep / deep_end,enc-checkpoint,straws,Decline; wait in the van,"{""morale"": -1}",He films another take. Your cup has received more scrutiny than a defense contract.,https://www.whitehouse.gov/fact-sheets/2025/02/fact-sheet-president-donald-j-trump-ends-the-procurement-and-forced-use-of-paper-straws/
sat_shower_force,The National Shower Demonstration,Beltway,classic / deep / deep_end,enc-rest-area,shower,Mop up for $12,"{""cash_cents"": 1200, ""hp"": -1}",You mop until your back aches and collect twelve dollars. The manager announces that the system is 'self-draining.',https://www.whitehouse.gov/presidential-actions/2025/04/maintaining-acceptable-water-pressure-in-showerheads/
sat_shower_force,The National Shower Demonstration,Beltway,classic / deep / deep_end,enc-rest-area,shower,Buy a $5 wash token,"{""cash_cents"": -500, ""sanity"": 2}",You get clean for five dollars. The water stays in the shower. The manager calls this 'nothing special.',https://www.whitehouse.gov/presidential-actions/2025/04/maintaining-acceptable-water-pressure-in-showerheads/
sat_shower_force,The National Shower Demonstration,Beltway,classic / deep / deep_end,enc-rest-area,shower,Skip both; keep driving,"{""morale"": -1}",The manager promises another demonstration. The cleaner begins moving sandwiches to higher ground.,https://www.whitehouse.gov/presidential-actions/2025/04/maintaining-acceptable-water-pressure-in-showerheads/
sat_receipt_museum,The Museum of Very Large Savings,Beltway,classic / deep / deep_end,enc-museum,receipts,Check and record labels for $13,"{""cash_cents"": 1300, ""sanity"": -2, ""credibility"": 2, ""add_receipt"": ""sat_receipt_museum""}","Notes saved, head aching, $13 collected. Counting it twice fails to produce $26. You’re clearly unqualified for DOGE.",https://abcnews.go.com/US/doge-claims-55-billion-government-cuts-figure-hard/story?id=118966190
sat_receipt_museum,The Museum of Very Large Savings,Beltway,classic / deep / deep_end,enc-museum,receipts,Improvise a tour from memory,"{""morale"": 2, ""credibility"": -2}",The crew laughs until you repeat the wrong figure. The curator adds you to the correction.,https://abcnews.go.com/US/doge-claims-55-billion-government-cuts-figure-hard/story?id=118966190
sat_receipt_museum,The Museum of Very Large Savings,Beltway,classic / deep / deep_end,enc-museum,receipts,Skip the exhibit,"{""morale"": -1}",You leave the quarter's promotion ceremony. Your own net worth remains offensively well documented.,https://abcnews.go.com/US/doge-claims-55-billion-government-cuts-figure-hard/story?id=118966190
sat_transit_ribbon,The Ribbon-Cutting Holding Pattern,Beltway,classic / deep / deep_end,enc-street,transit,Donate one snack bundle,"{""supplies"": -1, ""allies"": 1}",Volunteers add your number beside the survey hotline. Your contribution is listed under 'edible infrastructure.',https://www.transitchicago.com/chicago-transit-authority-sues-federal-government-over-paused-red-line-extension-and-red--purple-modernization-project-funding/
sat_transit_ribbon,The Ribbon-Cutting Holding Pattern,Beltway,classic / deep / deep_end,enc-street,transit,Tally rider surveys for $9,"{""cash_cents"": 900, ""sanity"": -1, ""credibility"": 1}",Nine dollars and a headache. One nurse lists 'my manager's imagination' under alternative transportation.,https://www.transitchicago.com/chicago-transit-authority-sues-federal-government-over-paused-red-line-extension-and-red--purple-modernization-project-funding/
sat_transit_ribbon,The Ribbon-Cutting Holding Pattern,Beltway,classic / deep / deep_end,enc-street,transit,Head back to the van,"{""morale"": -1}",You drive away. The ribbon remains a zero-emissions vehicle with an exceptionally limited range.,https://www.transitchicago.com/chicago-transit-authority-sues-federal-government-over-paused-red-line-extension-and-red--purple-modernization-project-funding/
sat_weather_desk,Six Dollars for Better Weather,Beltway,classic / deep / deep_end,enc-street,weather,Save the sign and official forecast,"{""sanity"": -1, ""credibility"": 3, ""add_receipt"": ""sat_weather_desk""}",You document the mismatch until your eyes ache. The vendor asks whether facts require a permit.,https://www.oversight.gov/reports/evaluation-noaas-september-6-2019-statement-about-hurricane-dorian-forecasts
sat_weather_desk,Six Dollars for Better Weather,Beltway,classic / deep / deep_end,enc-street,weather,Hang the false sign for $6,"{""cash_cents"": 600, ""credibility"": -2}",You pocket six dollars. A worker checks their forecast app. Your meteorology career ends at orientation.,https://www.oversight.gov/reports/evaluation-noaas-september-6-2019-statement-about-hurricane-dorian-forecasts
sat_weather_desk,Six Dollars for Better Weather,Beltway,classic / deep / deep_end,enc-street,weather,Turn down the job,"{""morale"": -1}",You keep your integrity. The gas pump regrets it does not participate in that rewards program.,https://www.oversight.gov/reports/evaluation-noaas-september-6-2019-statement-about-hurricane-dorian-forecasts
sat_bibliography_emergency,This Reference Needs a Pulse,Beltway,classic / deep / deep_end,enc-clinic,maha,Check references for $12,"{""cash_cents"": 1200, ""sanity"": -2, ""add_receipt"": ""sat_bibliography_emergency""}",Twelve dollars and a saved correction list. Your brain now displays ‘This page is not responding.’,https://abcnews.go.com/Politics/rfk-jrs-maha-report-contained-existent-studies/story?id=122321059
sat_bibliography_emergency,This Reference Needs a Pulse,Beltway,classic / deep / deep_end,enc-clinic,maha,Accept care using your kit — 1 supply,"{""supplies"": -1, ""hp"": 2}",The nurse uses your kit and you recover. She opens the bandages without making you choose a subscription tier.,https://abcnews.go.com/Politics/rfk-jrs-maha-report-contained-existent-studies/story?id=122321059
sat_bibliography_emergency,This Reference Needs a Pulse,Beltway,classic / deep / deep_end,enc-clinic,maha,Head back to the van,"{""morale"": -1}",The van’s second opinion is ‘probably fine.’ Opinions three through six have nothing to add.,https://abcnews.go.com/Politics/rfk-jrs-maha-report-contained-existent-studies/story?id=122321059
west_grant_translation,Patriotic Thesaurus,PacificCoast,classic / deep / deep_end,enc-media-workshop,west_grants,Take the translation shift,"{""cash_cents"": 1200, ""sanity"": -1}",You earn twelve dollars. The project is unchanged; its adjectives have passed inspection.,https://www.sandiego.gov/sites/default/files/2025-10/fy2025-citywide-annual-grants-evaluation-final.pdf
west_grant_translation,Patriotic Thesaurus,PacificCoast,classic / deep / deep_end,enc-media-workshop,west_grants,Publish both versions,"{""credibility"": 2, ""sanity"": -1, ""add_receipt"": ""west_grant_translation""}",You preserve the original and the patriotic translation. The receipts need no translation.,https://www.sandiego.gov/sites/default/files/2025-10/fy2025-citywide-annual-grants-evaluation-final.pdf
west_grant_translation,Patriotic Thesaurus,PacificCoast,classic / deep / deep_end,enc-media-workshop,west_grants,Keep moving,{},The crew leaves the offer behind.,https://www.sandiego.gov/sites/default/files/2025-10/fy2025-citywide-annual-grants-evaluation-final.pdf
west_rail_replacement,High-Speed Replacement Van,PacificCoast,classic / deep / deep_end,enc-street,west_rail,Deliver their event supplies,"{""cash_cents"": 1500, ""supplies"": -1}",You collect fifteen dollars. Your van is now the most operational part of the announcement.,https://hsr.ca.gov/wp-content/uploads/2026/02/2026-HSR-Draft-Business-Plan-02282026.pdf
west_rail_replacement,High-Speed Replacement Van,PacificCoast,classic / deep / deep_end,enc-street,west_rail,Document the missing rail money,"{""credibility"": 2, ""allies"": 1, ""sanity"": -1, ""add_receipt"": ""west_rail_replacement""}",A commuter joins your contacts. The brochure’s dotted line is still not a railway.,https://hsr.ca.gov/wp-content/uploads/2026/02/2026-HSR-Draft-Business-Plan-02282026.pdf
west_rail_replacement,High-Speed Replacement Van,PacificCoast,classic / deep / deep_end,enc-street,west_rail,Keep moving,{},The crew leaves the offer behind.,https://hsr.ca.gov/wp-content/uploads/2026/02/2026-HSR-Draft-Business-Plan-02282026.pdf
west_laboratory_overhead,A Building Is Overhead,MountainWest,classic / deep / deep_end,enc-clinic,west_labs,Take a paid equipment-inventory shift,"{""cash_cents"": 1400, ""sanity"": -1, ""add_receipt"": ""west_laboratory_overhead""}","Fourteen dollars earned. You confirm the freezer is an essential scientific instrument, not a lifestyle choice.",https://www.research.utah.edu/features/u-research-leaders-keep-doing-the-science/
west_laboratory_overhead,A Building Is Overhead,MountainWest,classic / deep / deep_end,enc-clinic,west_labs,Share a supply pack,"{""supplies"": -1, ""hp"": 1, ""allies"": 1}",The research crew returns the favor with basic care and a new contact.,https://www.research.utah.edu/features/u-research-leaders-keep-doing-the-science/
west_laboratory_overhead,A Building Is Overhead,MountainWest,classic / deep / deep_end,enc-clinic,west_labs,Keep moving,{},The crew leaves the offer behind.,https://www.research.utah.edu/features/u-research-leaders-keep-doing-the-science/
west_wind_loyalty,Wind Loyalty Hearing,MountainWest,classic / deep / deep_end,enc-street,west_wind,Help inventory spare parts,"{""cash_cents"": 1000, ""sanity"": -1}",Ten dollars earned. The wind keeps generating power without completing its loyalty questionnaire.,https://sos.wyo.gov/Media/2025/SoS_Release_2025-07-09.pdf
west_wind_loyalty,Wind Loyalty Hearing,MountainWest,classic / deep / deep_end,enc-street,west_wind,Record the technician’s testimony,"{""credibility"": 2, ""allies"": 1, ""sanity"": -1, ""add_receipt"": ""west_wind_loyalty""}",You gain a contact and an explanation involving actual electricity.,https://sos.wyo.gov/Media/2025/SoS_Release_2025-07-09.pdf
west_wind_loyalty,Wind Loyalty Hearing,MountainWest,classic / deep / deep_end,enc-street,west_wind,Keep moving,{},The crew leaves the offer behind.,https://sos.wyo.gov/Media/2025/SoS_Release_2025-07-09.pdf
west_desert_pressure,Desert Shower Freedom,Southwest,classic / deep / deep_end,enc-service,shower,Help shut off the demonstration,"{""supplies"": 2, ""sanity"": 1}",You leave with water and a working understanding of the off switch.,https://www.whitehouse.gov/presidential-actions/2025/04/maintaining-acceptable-water-pressure-in-showerheads/
west_desert_pressure,Desert Shower Freedom,Southwest,classic / deep / deep_end,enc-service,shower,Take the paid plumbing shift,"{""cash_cents"": 1200, ""hp"": -1}",Twelve dollars earned. Working under the sink is less comfortable than announcing freedom above it.,https://www.whitehouse.gov/presidential-actions/2025/04/maintaining-acceptable-water-pressure-in-showerheads/
west_desert_pressure,Desert Shower Freedom,Southwest,classic / deep / deep_end,enc-service,shower,Keep moving,{},The crew leaves the offer behind.,https://www.whitehouse.gov/presidential-actions/2025/04/maintaining-acceptable-water-pressure-in-showerheads/
west_beef_passports,"America First, Argentina Next",Southwest,classic / deep / deep_end,enc-convoy,west_beef,Take the paid manifest shift,"{""cash_cents"": 1600, ""sanity"": -1}",Sixteen dollars earned. The cattle’s country of origin is clearer than the policy’s.,https://media.texasfarmbureau.org/plan-to-import-argentinian-beef-harms-u-s-cattle-ranchers/
west_beef_passports,"America First, Argentina Next",Southwest,classic / deep / deep_end,enc-convoy,west_beef,Compare the speeches with the receipts,"{""credibility"": 3, ""sanity"": -1, ""add_receipt"": ""west_beef_passports""}",You add the contradiction to your evidence file. Nobody has yet asked the cows to apologize.,https://media.texasfarmbureau.org/plan-to-import-argentinian-beef-harms-u-s-cattle-ranchers/
west_beef_passports,"America First, Argentina Next",Southwest,classic / deep / deep_end,enc-convoy,west_beef,Keep moving,{},The crew leaves the offer behind.,https://media.texasfarmbureau.org/plan-to-import-argentinian-beef-harms-u-s-cattle-ranchers/
