source_file,recorded_filename_candidates,width_px,height_px,sha256,disposition,generation_requested,future_attempts,mapping_status,composition_status,durable_original,explicit_historical_aliases,mapping_evidence,decision,new_generation,dimensions
/Users/vanna/.codex/generated_images/01a0a0f7-a4be-7852-a652-0b497de9fbea/exec-00b0df69-235a-4f52-bf9a-7830de31eee6.png,rest-props.png,1536,1024,f3f9cc16ff8ad628947e5b38d289a42f3debf0acb481256b3d74e3b5a156957b,HOLD_EXISTING_REVIEW,no,0,candidate_only,recover_accepted_brief_before_change,/Users/vanna/Source/Dystrail-worktrees/recovery-2026-09-21/generated-originals/exec-00b0df69-235a-4f52-bf9a-7830de31eee6.png,,[],user_review_existing,none,retain 1536 x 1024; do not stretch
/Users/vanna/.codex/generated_images/01a0a0f7-a4be-7852-a652-0b497de9fbea/exec-01ae6e81-6d36-4c3f-92aa-aef5a37f22fc.png,,1536,1024,1bf40f35c89b7d2f65d6fe54ec01c9fe4430ed306778950c2fa7c9d252d290dd,HOLD_EXISTING_REVIEW,no,0,unmapped,recover_accepted_brief_before_change,/Users/vanna/Source/Dystrail-worktrees/recovery-2026-09-21/generated-originals/exec-01ae6e81-6d36-4c3f-92aa-aef5a37f22fc.png,,[],unmapped_existing_hold,none,retain 1536 x 1024; do not stretch
/Users/vanna/.codex/generated_images/01a0a0f7-a4be-7852-a652-0b497de9fbea/exec-02d32e40-f42b-43d3-ab82-f37ab421beef.png,,1536,1024,b9cb4c8ac23018ae51898fa8abaac015a83ba1b276f89fdb087485bba88b918c,HOLD_EXISTING_REVIEW,no,0,unmapped,recover_accepted_brief_before_change,/Users/vanna/Source/Dystrail-worktrees/recovery-2026-09-21/generated-originals/exec-02d32e40-f42b-43d3-ab82-f37ab421beef.png,scenes-v2/road-c02-offer-meal-20260914.png,"[{""alias"": ""scenes-v2/road-c02-offer-meal-20260914.png"", ""evidence"": ""session record 5935""}]",user_review_existing,none,retain 1536 x 1024; do not stretch
/Users/vanna/.codex/generated_images/01a0a0f7-a4be-7852-a652-0b497de9fbea/exec-03b68693-35b4-447a-ac1a-664d9040cb70.png,,1536,1024,918b9cdd59b8ce41124481277663341f30d009ced960b041189ac69894d6ca62,HOLD_EXISTING_REVIEW,no,0,unmapped,recover_accepted_brief_before_change,/Users/vanna/Source/Dystrail-worktrees/recovery-2026-09-21/generated-originals/exec-03b68693-35b4-447a-ac1a-664d9040cb70.png,,[],unmapped_existing_hold,none,retain 1536 x 1024; do not stretch
/Users/vanna/.codex/generated_images/01a0a0f7-a4be-7852-a652-0b497de9fbea/exec-03fd835a-42ea-4b0a-b6a6-75e4a2604378.png,,1536,1024,ecba337d4dd0d378cfcd85efac2a3d75828a802bd152f4bd2d4d7db467fac1fc,HOLD_EXISTING_REVIEW,no,0,unmapped,recover_accepted_brief_before_change,/Users/vanna/Source/Dystrail-worktrees/recovery-2026-09-21/generated-originals/exec-03fd835a-42ea-4b0a-b6a6-75e4a2604378.png,,[],unmapped_existing_hold,none,retain 1536 x 1024; do not stretch
/Users/vanna/.codex/generated_images/01a0a0f7-a4be-7852-a652-0b497de9fbea/exec-06000af4-25fc-4737-994d-4ce007b59a79.png,van.png,1536,1024,e4535588e0f24236f0a2c49c4cf8c6fbe653746f5e142aa655656f4819f22cb3,HOLD_EXISTING_REVIEW,no,0,candidate_only,recover_accepted_brief_before_change,/Users/vanna/Source/Dystrail-worktrees/recovery-2026-09-21/generated-originals/exec-06000af4-25fc-4737-994d-4ce007b59a79.png,repair-van-20260914.png,"[{""alias"": ""repair-van-20260914.png"", ""evidence"": ""session record 13605""}]",user_review_existing,none,retain 1536 x 1024; do not stretch
/Users/vanna/.codex/generated_images/01a0a0f7-a4be-7852-a652-0b497de9fbea/exec-0655f736-a5da-4f81-aaf4-b2763510d4a5.png,journalist.png,1774,887,76f6ec8670d92148340827e7d4dea9df6ebef33b49a6d771e18f42ca38b1d8f2,HOLD_EXISTING_REVIEW,no,0,candidate_only,recover_accepted_brief_before_change,/Users/vanna/Source/Dystrail-worktrees/recovery-2026-09-21/generated-originals/exec-0655f736-a5da-4f81-aaf4-b2763510d4a5.png,,[],user_review_existing,none,retain 1774 x 887; do not stretch
/Users/vanna/.codex/generated_images/01a0a0f7-a4be-7852-a652-0b497de9fbea/exec-072396c7-f99f-4c3f-b3e5-176da0263350.png,exec-66f652c0-b1b4-4278-8866-f1c13ceb587f.png,1536,1024,ce5f5f6bb7a443fc7c552a460065aca5fdc50f4c3ad17118cdc91a5c26987814,HOLD_EXISTING_REVIEW,no,0,candidate_only,recover_accepted_brief_before_change,/Users/vanna/Source/Dystrail-worktrees/recovery-2026-09-21/generated-originals/exec-072396c7-f99f-4c3f-b3e5-176da0263350.png,,[],user_review_existing,none,retain 1536 x 1024; do not stretch
/Users/vanna/.codex/generated_images/01a0a0f7-a4be-7852-a652-0b497de9fbea/exec-07b0c48a-17ba-41bc-83c7-379cbbacc51e.png,,1536,1024,a479ac8832b0cbad0e61679943a42a0a3b79ce8b6ead1d93263af0b8b1a2315e,HOLD_EXISTING_REVIEW,no,0,unmapped,recover_accepted_brief_before_change,/Users/vanna/Source/Dystrail-worktrees/recovery-2026-09-21/generated-originals/exec-07b0c48a-17ba-41bc-83c7-379cbbacc51e.png,,[],unmapped_existing_hold,none,retain 1536 x 1024; do not stretch
/Users/vanna/.codex/generated_images/01a0a0f7-a4be-7852-a652-0b497de9fbea/exec-09e62dff-b20e-44de-93eb-6ea895046c7e.png,gather-refresh-candidate.png,1536,1024,527350a7e1baa922d6aed68ed1b9d445c2b8e621163a2613041504ad9cb444f7,HOLD_EXISTING_REVIEW,no,0,candidate_only,recover_accepted_brief_before_change,/Users/vanna/Source/Dystrail-worktrees/recovery-2026-09-21/generated-originals/exec-09e62dff-b20e-44de-93eb-6ea895046c7e.png,,[],user_review_existing,none,retain 1536 x 1024; do not stretch
/Users/vanna/.codex/generated_images/01a0a0f7-a4be-7852-a652-0b497de9fbea/exec-0b37fd82-fb4f-4967-8ee9-6ac15758028c.png,ally-settings-b-20260915.png,1254,1254,3ed561dfdf07a4127bca82691c3eb52328594783f52377d1a1a3374380d9f13f,HOLD_EXISTING_REVIEW,no,0,candidate_only,recover_accepted_brief_before_change,/Users/vanna/Source/Dystrail-worktrees/recovery-2026-09-21/generated-originals/exec-0b37fd82-fb4f-4967-8ee9-6ac15758028c.png,,[],user_review_existing,none,retain 1254 x 1254; do not stretch
/Users/vanna/.codex/generated_images/01a0a0f7-a4be-7852-a652-0b497de9fbea/exec-0cfa9f58-a888-43e8-9493-c18709e1080c.png,,1536,1024,27e2da81b3e94ab811a6dcf486c614a2d4dbaee0700c19d79e5cdf40b01414da,HOLD_EXISTING_REVIEW,no,0,unmapped,recover_accepted_brief_before_change,/Users/vanna/Source/Dystrail-worktrees/recovery-2026-09-21/generated-originals/exec-0cfa9f58-a888-43e8-9493-c18709e1080c.png,,[],unmapped_existing_hold,none,retain 1536 x 1024; do not stretch
/Users/vanna/.codex/generated_images/01a0a0f7-a4be-7852-a652-0b497de9fbea/exec-0d54fec5-b7f0-4d99-8dac-3e51e574ab39.png,memoir.png,1536,1024,6a2d6d2544b713d1f02eda493b649f356267487c3f811cbf6e6c89b60fd60a39,HOLD_EXISTING_REVIEW,no,0,candidate_only,recover_accepted_brief_before_change,/Users/vanna/Source/Dystrail-worktrees/recovery-2026-09-21/generated-originals/exec-0d54fec5-b7f0-4d99-8dac-3e51e574ab39.png,dystrail-web/static/img/scenes-v2/care-memoir-20260915.png; memoir,"[{""alias"": ""memoir"", ""evidence"": ""session record 14784""}, {""alias"": ""dystrail-web/static/img/scenes-v2/care-memoir-20260915.png"", ""evidence"": ""session record 14784""}]",user_review_existing,none,retain 1536 x 1024; do not stretch
/Users/vanna/.codex/generated_images/01a0a0f7-a4be-7852-a652-0b497de9fbea/exec-0fa5b316-6b20-43ec-b37a-1b1a17831a43.png,,1254,1254,0252f270c58dc59331e11b6942dfbfbcd1f06ea54908c0dcbdd0c70386cb911d,HOLD_EXISTING_REVIEW,no,0,unmapped,recover_accepted_brief_before_change,/Users/vanna/Source/Dystrail-worktrees/recovery-2026-09-21/generated-originals/exec-0fa5b316-6b20-43ec-b37a-1b1a17831a43.png,cast-v2/care-actions-20260915.png,"[{""alias"": ""cast-v2/care-actions-20260915.png"", ""evidence"": ""session record 14232""}]",user_review_existing,none,retain 1254 x 1254; do not stretch
/Users/vanna/.codex/generated_images/01a0a0f7-a4be-7852-a652-0b497de9fbea/exec-0ffc372a-22db-404d-93fa-a56b199bfc94.png,,1536,1024,191d40008efd8f23c6be34639b5b25c369ad8bbf73934a858b33114f387035a0,HOLD_EXISTING_REVIEW,no,0,unmapped,recover_accepted_brief_before_change,/Users/vanna/Source/Dystrail-worktrees/recovery-2026-09-21/generated-originals/exec-0ffc372a-22db-404d-93fa-a56b199bfc94.png,scenes-v2/activities-a.png,"[{""alias"": ""scenes-v2/activities-a.png"", ""evidence"": ""session record 6074""}]",user_review_existing,none,retain 1536 x 1024; do not stretch
/Users/vanna/.codex/generated_images/01a0a0f7-a4be-7852-a652-0b497de9fbea/exec-10125800-62e6-441f-b4bf-ea30e41b6c95.png,lobbyist.png,1774,887,1b8c0a56ddd2d991a3f73d7bdda3799a4635353214be70dd38097b5ec3a07fa2,HOLD_EXISTING_REVIEW,no,0,candidate_only,recover_accepted_brief_before_change,/Users/vanna/Source/Dystrail-worktrees/recovery-2026-09-21/generated-originals/exec-10125800-62e6-441f-b4bf-ea30e41b6c95.png,lobbyist,"[{""alias"": ""lobbyist"", ""evidence"": ""session record 842""}]",user_review_existing,none,retain 1774 x 887; do not stretch
/Users/vanna/.codex/generated_images/01a0a0f7-a4be-7852-a652-0b497de9fbea/exec-1085a886-8684-43ae-8cd0-a82cc594c7e4.png,rejected.png,1536,1024,d55dbdc64a7c436b4f9d74f71f18593b32b9871b26cf1ad640422e0798cbf950,HOLD_EXISTING_REVIEW,no,0,candidate_only,recover_accepted_brief_before_change,/Users/vanna/Source/Dystrail-worktrees/recovery-2026-09-21/generated-originals/exec-1085a886-8684-43ae-8cd0-a82cc594c7e4.png,,[],user_review_existing,none,retain 1536 x 1024; do not stretch
/Users/vanna/.codex/generated_images/01a0a0f7-a4be-7852-a652-0b497de9fbea/exec-16b6688c-cda1-43b4-a8b4-97191fa52d85.png,meal-journalist-organizer-staffer-20260915.png,2172,724,d4a741213bc3bb69689e9164f20eef1a976dc29f52aeae879bcf7f7b175b15cd,HOLD_EXISTING_REVIEW,no,0,candidate_only,recover_accepted_brief_before_change,/Users/vanna/Source/Dystrail-worktrees/recovery-2026-09-21/generated-originals/exec-16b6688c-cda1-43b4-a8b4-97191fa52d85.png,,[],user_review_existing,none,retain 2172 x 724; do not stretch
/Users/vanna/.codex/generated_images/01a0a0f7-a4be-7852-a652-0b497de9fbea/exec-18183f97-b069-45a4-ba09-db8d5cdf6b6b.png,barter-refresh-20260914.png,1536,1024,8cbb85841ee53916a8c5598c5364a938bb00e6d74a6b93fa6fb6a792baa2e395,HOLD_EXISTING_REVIEW,no,0,candidate_only,recover_accepted_brief_before_change,/Users/vanna/Source/Dystrail-worktrees/recovery-2026-09-21/generated-originals/exec-18183f97-b069-45a4-ba09-db8d5cdf6b6b.png,,[],user_review_existing,none,retain 1536 x 1024; do not stretch
/Users/vanna/.codex/generated_images/01a0a0f7-a4be-7852-a652-0b497de9fbea/exec-1d20cc22-b0bb-4c73-9171-b2541d2412d0.png,road-c03-c-20260914.png,1536,1024,965256b14db73da66309ef171596f8931783b235c245da575a9123df2d833b6b,HOLD_EXISTING_REVIEW,no,0,candidate_only,recover_accepted_brief_before_change,/Users/vanna/Source/Dystrail-worktrees/recovery-2026-09-21/generated-originals/exec-1d20cc22-b0bb-4c73-9171-b2541d2412d0.png,,[],user_review_existing,none,retain 1536 x 1024; do not stretch
/Users/vanna/.codex/generated_images/01a0a0f7-a4be-7852-a652-0b497de9fbea/exec-1d76e05d-3e0d-40e9-a42e-8acd86646638.png,satirist.png,1774,887,30dc3e5b10d11d1f41bdd3aff81ee5533d0d99dceb5f7305b2e8d6a01bcacfd9,HOLD_EXISTING_REVIEW,no,0,candidate_only,recover_accepted_brief_before_change,/Users/vanna/Source/Dystrail-worktrees/recovery-2026-09-21/generated-originals/exec-1d76e05d-3e0d-40e9-a42e-8acd86646638.png,satirist,"[{""alias"": ""satirist"", ""evidence"": ""session record 842""}]",user_review_existing,none,retain 1774 x 887; do not stretch
/Users/vanna/.codex/generated_images/01a0a0f7-a4be-7852-a652-0b497de9fbea/exec-1ec7d843-de83-4fcd-85dd-538d89873ab1.png,laptop.png,1536,1024,83ad96b2f07099bcdb271288d2b4f3ca40218f82a027b253ab2f9393f4643e86,HOLD_EXISTING_REVIEW,no,0,candidate_only,recover_accepted_brief_before_change,/Users/vanna/Source/Dystrail-worktrees/recovery-2026-09-21/generated-originals/exec-1ec7d843-de83-4fcd-85dd-538d89873ab1.png,dystrail-web/static/img/scenes-v2/care-laptop-20260915.png; laptop,"[{""alias"": ""laptop"", ""evidence"": ""session record 14784""}, {""alias"": ""dystrail-web/static/img/scenes-v2/care-laptop-20260915.png"", ""evidence"": ""session record 14784""}]",user_review_existing,none,retain 1536 x 1024; do not stretch
/Users/vanna/.codex/generated_images/01a0a0f7-a4be-7852-a652-0b497de9fbea/exec-1ed732d3-1461-4659-ab01-af50f58e54f7.png,crossing-folder-v2.png,1536,1024,936d820603e77300356913e35def07aa6b8bcf7cb5a2156a7dd05963a55dff8f,HOLD_EXISTING_REVIEW,no,0,candidate_only,recover_accepted_brief_before_change,/Users/vanna/Source/Dystrail-worktrees/recovery-2026-09-21/generated-originals/exec-1ed732d3-1461-4659-ab01-af50f58e54f7.png,crossing-folder-v2,"[{""alias"": ""crossing-folder-v2"", ""evidence"": ""session record 19326""}]",user_review_existing,none,retain 1536 x 1024; do not stretch
/Users/vanna/.codex/generated_images/01a0a0f7-a4be-7852-a652-0b497de9fbea/exec-231c296d-ba76-4db6-a619-7e5e6493b10f.png,,1536,1024,3056af29639d51f4101d68465a9e0bdd238704947a8b852be1a4e0faffb1d164,HOLD_EXISTING_REVIEW,no,0,unmapped,recover_accepted_brief_before_change,/Users/vanna/Source/Dystrail-worktrees/recovery-2026-09-21/generated-originals/exec-231c296d-ba76-4db6-a619-7e5e6493b10f.png,,[],unmapped_existing_hold,none,retain 1536 x 1024; do not stretch
/Users/vanna/.codex/generated_images/01a0a0f7-a4be-7852-a652-0b497de9fbea/exec-25fc500a-dbd8-497a-a97b-f3012993ece6.png,,1536,1024,6307273afad0c5838c4ffeda1144c571d6a05a93d39267ab58a78df943597829,HOLD_EXISTING_REVIEW,no,0,unmapped,recover_accepted_brief_before_change,/Users/vanna/Source/Dystrail-worktrees/recovery-2026-09-21/generated-originals/exec-25fc500a-dbd8-497a-a97b-f3012993ece6.png,,[],unmapped_existing_hold,none,retain 1536 x 1024; do not stretch
/Users/vanna/.codex/generated_images/01a0a0f7-a4be-7852-a652-0b497de9fbea/exec-278c5b4f-2e0c-4741-b8b9-2afe0bda5652.png,,1254,1254,d5857863eb0b6e99611b1ec7a7079279ee4ad26de96689942add2471121cc7e9,HOLD_EXISTING_REVIEW,no,0,unmapped,recover_accepted_brief_before_change,/Users/vanna/Source/Dystrail-worktrees/recovery-2026-09-21/generated-originals/exec-278c5b4f-2e0c-4741-b8b9-2afe0bda5652.png,cast-v2/care-seated-20260915.png,"[{""alias"": ""cast-v2/care-seated-20260915.png"", ""evidence"": ""session record 14232""}]",user_review_existing,none,retain 1254 x 1254; do not stretch
/Users/vanna/.codex/generated_images/01a0a0f7-a4be-7852-a652-0b497de9fbea/exec-294e7ae1-5c1c-4d85-b956-f5828aeeef84.png,staffer.png,1774,887,ab376a05428a5d9b159ea5bb154a546fb55ae6b596971a881976a900a0ba7bf3,HOLD_EXISTING_REVIEW,no,0,candidate_only,recover_accepted_brief_before_change,/Users/vanna/Source/Dystrail-worktrees/recovery-2026-09-21/generated-originals/exec-294e7ae1-5c1c-4d85-b956-f5828aeeef84.png,staffer,"[{""alias"": ""staffer"", ""evidence"": ""session record 842""}]",user_review_existing,none,retain 1774 x 887; do not stretch
/Users/vanna/.codex/generated_images/01a0a0f7-a4be-7852-a652-0b497de9fbea/exec-2c90230e-9f95-4644-ad7a-74ae71cf5e15.png,,1536,1024,b060a5629f938a4d6ecfab00972f54b1dcdd9f509ff67a590eeee355b78d4a8b,HOLD_EXISTING_REVIEW,no,0,unmapped,recover_accepted_brief_before_change,/Users/vanna/Source/Dystrail-worktrees/recovery-2026-09-21/generated-originals/exec-2c90230e-9f95-4644-ad7a-74ae71cf5e15.png,,[],unmapped_existing_hold,none,retain 1536 x 1024; do not stretch
/Users/vanna/.codex/generated_images/01a0a0f7-a4be-7852-a652-0b497de9fbea/exec-2d924957-4444-453f-8b30-ea74b083b101.png,failed.png,1536,1024,9096a4b18d422ff39ff6cc50016d223e5f4f4e49d9b614c5dfc6d248a31d3fd6,HOLD_EXISTING_REVIEW,no,0,candidate_only,recover_accepted_brief_before_change,/Users/vanna/Source/Dystrail-worktrees/recovery-2026-09-21/generated-originals/exec-2d924957-4444-453f-8b30-ea74b083b101.png,,[],user_review_existing,none,retain 1536 x 1024; do not stretch
/Users/vanna/.codex/generated_images/01a0a0f7-a4be-7852-a652-0b497de9fbea/exec-2e6bd9db-61fa-4ed4-8471-5e0309b7f146.png,,1536,1024,68cfec4033f5ec2088ff3f029f241409b5e8ea4d5ff6e6118694d35a718664c0,HOLD_EXISTING_REVIEW,no,0,unmapped,recover_accepted_brief_before_change,/Users/vanna/Source/Dystrail-worktrees/recovery-2026-09-21/generated-originals/exec-2e6bd9db-61fa-4ed4-8471-5e0309b7f146.png,repair-van-20260914-mask.png,"[{""alias"": ""repair-van-20260914-mask.png"", ""evidence"": ""session record 13605""}]",user_review_existing,none,retain 1536 x 1024; do not stretch
/Users/vanna/.codex/generated_images/01a0a0f7-a4be-7852-a652-0b497de9fbea/exec-2ee893b9-c350-48b1-96f6-f853dfb41b9f.png,,1536,1024,3aad03dd771831411075c1c37446894eeef09b007580fab9e66a1b0d17392813,HOLD_EXISTING_REVIEW,no,0,unmapped,recover_accepted_brief_before_change,/Users/vanna/Source/Dystrail-worktrees/recovery-2026-09-21/generated-originals/exec-2ee893b9-c350-48b1-96f6-f853dfb41b9f.png,,[],unmapped_existing_hold,none,retain 1536 x 1024; do not stretch
/Users/vanna/.codex/generated_images/01a0a0f7-a4be-7852-a652-0b497de9fbea/exec-2f59d6be-ebb8-4f62-a808-404cc9f737ee.png,crossing-privacy-v2.png,1536,1024,c11fa4ef58f2f58f3bb5e1cbdbafb91e436ba0529fe16b49de53ca3ef1b26245,HOLD_EXISTING_REVIEW,no,0,candidate_only,recover_accepted_brief_before_change,/Users/vanna/Source/Dystrail-worktrees/recovery-2026-09-21/generated-originals/exec-2f59d6be-ebb8-4f62-a808-404cc9f737ee.png,crossing-privacy-v2,"[{""alias"": ""crossing-privacy-v2"", ""evidence"": ""session record 18970""}]",user_review_existing,none,retain 1536 x 1024; do not stretch
/Users/vanna/.codex/generated_images/01a0a0f7-a4be-7852-a652-0b497de9fbea/exec-31d3d99e-fbab-4118-a3ca-42e9176b24a8.png,,1536,1024,be1f8171958bbdb36481e7745124511ebb570a3b49b841b5c61acd71ee93c6e1,HOLD_EXISTING_REVIEW,no,0,unmapped,recover_accepted_brief_before_change,/Users/vanna/Source/Dystrail-worktrees/recovery-2026-09-21/generated-originals/exec-31d3d99e-fbab-4118-a3ca-42e9176b24a8.png,,[],unmapped_existing_hold,none,retain 1536 x 1024; do not stretch
/Users/vanna/.codex/generated_images/01a0a0f7-a4be-7852-a652-0b497de9fbea/exec-3280de0b-03a0-4c4b-8ed8-6d22123365e8.png,,1536,1024,f9fc7819642fba97f79465e07842b63ac03e3066e5ff7123a7f78630bc49b203,HOLD_EXISTING_REVIEW,no,0,unmapped,recover_accepted_brief_before_change,/Users/vanna/Source/Dystrail-worktrees/recovery-2026-09-21/generated-originals/exec-3280de0b-03a0-4c4b-8ed8-6d22123365e8.png,,[],unmapped_existing_hold,none,retain 1536 x 1024; do not stretch
/Users/vanna/.codex/generated_images/01a0a0f7-a4be-7852-a652-0b497de9fbea/exec-357a6b82-e148-4793-88a1-29d4b95f5b70.png,,1536,1024,25a02d8acb1d651bb3af5a24907c67ed5a1f96107e018351fd04c21cfc19bcc4,HOLD_EXISTING_REVIEW,no,0,unmapped,recover_accepted_brief_before_change,/Users/vanna/Source/Dystrail-worktrees/recovery-2026-09-21/generated-originals/exec-357a6b82-e148-4793-88a1-29d4b95f5b70.png,,[],unmapped_existing_hold,none,retain 1536 x 1024; do not stretch
/Users/vanna/.codex/generated_images/01a0a0f7-a4be-7852-a652-0b497de9fbea/exec-3655f57c-2a9e-48db-9bb1-5edf13681559.png,,1536,1024,fa469655d155639f47c39b13b6244fa0ef6c6d720fab2d8eb278b0163efda041,HOLD_EXISTING_REVIEW,no,0,unmapped,recover_accepted_brief_before_change,/Users/vanna/Source/Dystrail-worktrees/recovery-2026-09-21/generated-originals/exec-3655f57c-2a9e-48db-9bb1-5edf13681559.png,,[],unmapped_existing_hold,none,retain 1536 x 1024; do not stretch
/Users/vanna/.codex/generated_images/01a0a0f7-a4be-7852-a652-0b497de9fbea/exec-37a54b78-3ec7-47ff-b3d4-ef3e95e27fb2.png,,1536,1024,eff7de5bd2a17a5fffa114c0df00ff7ec84e3ab327bf87b04cf76440cc203b15,HOLD_EXISTING_REVIEW,no,0,unmapped,recover_accepted_brief_before_change,/Users/vanna/Source/Dystrail-worktrees/recovery-2026-09-21/generated-originals/exec-37a54b78-3ec7-47ff-b3d4-ef3e95e27fb2.png,dystrail-web/static/img/scenes-v2/road-c05-b-20260914.png,"[{""alias"": ""dystrail-web/static/img/scenes-v2/road-c05-b-20260914.png"", ""evidence"": ""session record 8185""}]",user_review_existing,none,retain 1536 x 1024; do not stretch
/Users/vanna/.codex/generated_images/01a0a0f7-a4be-7852-a652-0b497de9fbea/exec-38c0ff1b-5bf7-4215-a4f6-3dfdb321836a.png,,1536,1024,fd285921b5b4917ed5d179f5d953c058b95d367a1d25c2c695777e57f4b05d25,HOLD_EXISTING_REVIEW,no,0,unmapped,recover_accepted_brief_before_change,/Users/vanna/Source/Dystrail-worktrees/recovery-2026-09-21/generated-originals/exec-38c0ff1b-5bf7-4215-a4f6-3dfdb321836a.png,dystrail-web/static/img/scenes-v2/road-c06-a-20260914.png,"[{""alias"": ""dystrail-web/static/img/scenes-v2/road-c06-a-20260914.png"", ""evidence"": ""session record 8706""}, {""alias"": ""dystrail-web/static/img/scenes-v2/road-c06-a-20260914.png"", ""evidence"": ""session record 8711""}]",user_review_existing,none,retain 1536 x 1024; do not stretch
/Users/vanna/.codex/generated_images/01a0a0f7-a4be-7852-a652-0b497de9fbea/exec-3b9446fc-fdeb-452c-914a-0df511feac3a.png,,1536,1024,fe012900cc53b4a572abd379fe2e84a7cab5eff1266d4f7f46d83642af14c6e4,HOLD_EXISTING_REVIEW,no,0,unmapped,recover_accepted_brief_before_change,/Users/vanna/Source/Dystrail-worktrees/recovery-2026-09-21/generated-originals/exec-3b9446fc-fdeb-452c-914a-0df511feac3a.png,,[],unmapped_existing_hold,none,retain 1536 x 1024; do not stretch
/Users/vanna/.codex/generated_images/01a0a0f7-a4be-7852-a652-0b497de9fbea/exec-3bdb1239-ac37-4d2a-927b-9615688d6ab9.png,,1536,1024,4121d7770513346b87bd975517adb50773b4e5131f56129844547b3118aedb05,HOLD_EXISTING_REVIEW,no,0,unmapped,recover_accepted_brief_before_change,/Users/vanna/Source/Dystrail-worktrees/recovery-2026-09-21/generated-originals/exec-3bdb1239-ac37-4d2a-927b-9615688d6ab9.png,dystrail-web/static/img/scenes-v2/road-c05-a-20260914.png,"[{""alias"": ""dystrail-web/static/img/scenes-v2/road-c05-a-20260914.png"", ""evidence"": ""session record 8185""}]",user_review_existing,none,retain 1536 x 1024; do not stretch
/Users/vanna/.codex/generated_images/01a0a0f7-a4be-7852-a652-0b497de9fbea/exec-3cac2b7c-f572-4890-b980-b718cdf93e88.png,whistleblower.png,1774,887,a10d0ef4df09adf4f900af7843e020191e2ce92c293dbf021bd3f023433d053f,HOLD_EXISTING_REVIEW,no,0,candidate_only,recover_accepted_brief_before_change,/Users/vanna/Source/Dystrail-worktrees/recovery-2026-09-21/generated-originals/exec-3cac2b7c-f572-4890-b980-b718cdf93e88.png,whistleblower,"[{""alias"": ""whistleblower"", ""evidence"": ""session record 842""}]",user_review_existing,none,retain 1774 x 887; do not stretch
/Users/vanna/.codex/generated_images/01a0a0f7-a4be-7852-a652-0b497de9fbea/exec-3e6d6438-2d1c-4d0e-93bb-47ecf0a38b89.png,,1536,1024,b9ce86f170db2313635e62ddc77d86399806512eae3c3a228669916a3713e294,HOLD_EXISTING_REVIEW,no,0,unmapped,recover_accepted_brief_before_change,/Users/vanna/Source/Dystrail-worktrees/recovery-2026-09-21/generated-originals/exec-3e6d6438-2d1c-4d0e-93bb-47ecf0a38b89.png,,[],unmapped_existing_hold,none,retain 1536 x 1024; do not stretch
/Users/vanna/.codex/generated_images/01a0a0f7-a4be-7852-a652-0b497de9fbea/exec-4103014a-d4ce-417e-96fb-3d8573bb5213.png,supporting-cast.png,1536,1024,c522fc0e5bbffa2a0c08e6f756fe1f977fa9bda120c9bd1dd8a9510050ad5279,HOLD_EXISTING_REVIEW,no,0,candidate_only,recover_accepted_brief_before_change,/Users/vanna/Source/Dystrail-worktrees/recovery-2026-09-21/generated-originals/exec-4103014a-d4ce-417e-96fb-3d8573bb5213.png,dystrail-web/static/img/cast-v2/supporting-cast.png; supporting-cast,"[{""alias"": ""dystrail-web/static/img/cast-v2/supporting-cast.png"", ""evidence"": ""session record 842""}, {""alias"": ""supporting-cast"", ""evidence"": ""session record 842""}]",user_review_existing,none,retain 1536 x 1024; do not stretch
/Users/vanna/.codex/generated_images/01a0a0f7-a4be-7852-a652-0b497de9fbea/exec-459b161a-18eb-4e55-a8c7-ea0a57bedc54.png,crossing-map-folded-v2.png,1536,1024,083da279b38a6bfc4f0365ff60226b59aabb8bfcb12c2412911c748362081cca,HOLD_EXISTING_REVIEW,no,0,candidate_only,recover_accepted_brief_before_change,/Users/vanna/Source/Dystrail-worktrees/recovery-2026-09-21/generated-originals/exec-459b161a-18eb-4e55-a8c7-ea0a57bedc54.png,crossing-map-folded-v2,"[{""alias"": ""crossing-map-folded-v2"", ""evidence"": ""session record 19326""}]",user_review_existing,none,retain 1536 x 1024; do not stretch
/Users/vanna/.codex/generated_images/01a0a0f7-a4be-7852-a652-0b497de9fbea/exec-49f9b96c-70af-4f1e-bae6-b62c7bb16dc5.png,policy-bulletins-b.png,1536,1024,6e0ab5e5daee7373f67c8a1b951fd35c0bd1b775bed3d745807169b4312496fa,HOLD_EXISTING_REVIEW,no,0,candidate_only,recover_accepted_brief_before_change,/Users/vanna/Source/Dystrail-worktrees/recovery-2026-09-21/generated-originals/exec-49f9b96c-70af-4f1e-bae6-b62c7bb16dc5.png,B,"[{""alias"": ""B"", ""evidence"": ""session record 2040""}]",user_review_existing,none,retain 1536 x 1024; do not stretch
/Users/vanna/.codex/generated_images/01a0a0f7-a4be-7852-a652-0b497de9fbea/exec-4a8c3700-599a-4cb1-ae43-9221585d2690.png,,1536,1024,0e965fa08e00f77a623419a8b62b849e214af421a60ed99a2e8455f75437094d,HOLD_EXISTING_REVIEW,no,0,unmapped,recover_accepted_brief_before_change,/Users/vanna/Source/Dystrail-worktrees/recovery-2026-09-21/generated-originals/exec-4a8c3700-599a-4cb1-ae43-9221585d2690.png,,[],unmapped_existing_hold,none,retain 1536 x 1024; do not stretch
/Users/vanna/.codex/generated_images/01a0a0f7-a4be-7852-a652-0b497de9fbea/exec-4e1f8743-51df-43dc-abad-95b885927611.png,,1536,1024,4ac20c9cac9fdba600cd279ee81f08c4f633ac481c192ffdc9c183b3f2b0d2b6,HOLD_EXISTING_REVIEW,no,0,unmapped,recover_accepted_brief_before_change,/Users/vanna/Source/Dystrail-worktrees/recovery-2026-09-21/generated-originals/exec-4e1f8743-51df-43dc-abad-95b885927611.png,,[],unmapped_existing_hold,none,retain 1536 x 1024; do not stretch
/Users/vanna/.codex/generated_images/01a0a0f7-a4be-7852-a652-0b497de9fbea/exec-4f80f94f-f469-45ba-ac63-06a3935084eb.png,,1536,1024,8a683be69e21644405b1ec228054ed0a97162db0bfc5c78473ab68a79e564f31,HOLD_EXISTING_REVIEW,no,0,unmapped,recover_accepted_brief_before_change,/Users/vanna/Source/Dystrail-worktrees/recovery-2026-09-21/generated-originals/exec-4f80f94f-f469-45ba-ac63-06a3935084eb.png,c,"[{""alias"": ""c"", ""evidence"": ""session record 17569""}]",user_review_existing,none,retain 1536 x 1024; do not stretch
/Users/vanna/.codex/generated_images/01a0a0f7-a4be-7852-a652-0b497de9fbea/exec-51c3d5b4-bc2e-4bfa-a369-2ab959f53ff1.png,,1536,1024,a9115c4d6434a7badb992b983d1b9c4facf6afce04b1939471ee31119f36b710,HOLD_EXISTING_REVIEW,no,0,unmapped,recover_accepted_brief_before_change,/Users/vanna/Source/Dystrail-worktrees/recovery-2026-09-21/generated-originals/exec-51c3d5b4-bc2e-4bfa-a369-2ab959f53ff1.png,,[],unmapped_existing_hold,none,retain 1536 x 1024; do not stretch
/Users/vanna/.codex/generated_images/01a0a0f7-a4be-7852-a652-0b497de9fbea/exec-53686776-473f-42dd-b40a-fc50190d75b0.png,,1774,887,c0d48154fe673416db246105389741881c3a0cd5b09620d3c61f3e8af0c99241,HOLD_EXISTING_REVIEW,no,0,unmapped,recover_accepted_brief_before_change,/Users/vanna/Source/Dystrail-worktrees/recovery-2026-09-21/generated-originals/exec-53686776-473f-42dd-b40a-fc50190d75b0.png,,[],unmapped_existing_hold,none,retain 1774 x 887; do not stretch
/Users/vanna/.codex/generated_images/01a0a0f7-a4be-7852-a652-0b497de9fbea/exec-5b1e765d-910b-48e2-8e06-e2d2b0f58b78.png,rejected.png,1536,1024,f1ea05c94e62f3f09041047f89adaa47478b544ae711017648b5810ae55c1972,HOLD_EXISTING_REVIEW,no,0,candidate_only,recover_accepted_brief_before_change,/Users/vanna/Source/Dystrail-worktrees/recovery-2026-09-21/generated-originals/exec-5b1e765d-910b-48e2-8e06-e2d2b0f58b78.png,dystrail-web/static/img/scenes-v2/road-c07-b-20260914.png,"[{""alias"": ""dystrail-web/static/img/scenes-v2/road-c07-b-20260914.png"", ""evidence"": ""session record 8989""}]",user_review_existing,none,retain 1536 x 1024; do not stretch
/Users/vanna/.codex/generated_images/01a0a0f7-a4be-7852-a652-0b497de9fbea/exec-5e9d79aa-7e06-45f7-91c7-78efd8807d2d.png,,1536,1024,348373301c5fbde07e7e11a948cdc919319c230e28605746b0754ff193a4c980,HOLD_EXISTING_REVIEW,no,0,unmapped,recover_accepted_brief_before_change,/Users/vanna/Source/Dystrail-worktrees/recovery-2026-09-21/generated-originals/exec-5e9d79aa-7e06-45f7-91c7-78efd8807d2d.png,dystrail-web/static/img/scenes-v2/road-c06-b-20260914.png,"[{""alias"": ""dystrail-web/static/img/scenes-v2/road-c06-b-20260914.png"", ""evidence"": ""session record 8706""}, {""alias"": ""dystrail-web/static/img/scenes-v2/road-c06-b-20260914.png"", ""evidence"": ""session record 8711""}]",user_review_existing,none,retain 1536 x 1024; do not stretch
/Users/vanna/.codex/generated_images/01a0a0f7-a4be-7852-a652-0b497de9fbea/exec-5ff2a5a2-acbe-4b07-86b9-3fd566a6f59e.png,,1536,1024,2191f5f921cf317e3bd578e9e8e4378ca32f6cdee15ef98493147327b4091e1e,HOLD_EXISTING_REVIEW,no,0,unmapped,recover_accepted_brief_before_change,/Users/vanna/Source/Dystrail-worktrees/recovery-2026-09-21/generated-originals/exec-5ff2a5a2-acbe-4b07-86b9-3fd566a6f59e.png,,[],unmapped_existing_hold,none,retain 1536 x 1024; do not stretch
/Users/vanna/.codex/generated_images/01a0a0f7-a4be-7852-a652-0b497de9fbea/exec-60d4d00d-964c-4b78-b8e9-2781c06755c6.png,crossing-settings-a-20260915.png,1536,1024,f39ca73b1de50e42e00651b708a780e993b51d4f559584a6601e290a4b1be5a8,HOLD_EXISTING_REVIEW,no,0,candidate_only,recover_accepted_brief_before_change,/Users/vanna/Source/Dystrail-worktrees/recovery-2026-09-21/generated-originals/exec-60d4d00d-964c-4b78-b8e9-2781c06755c6.png,,[],user_review_existing,none,retain 1536 x 1024; do not stretch
/Users/vanna/.codex/generated_images/01a0a0f7-a4be-7852-a652-0b497de9fbea/exec-6132ea3c-8607-4935-b916-dfbe3c9e5794.png,,1536,1024,bbb698dfa8e9daa072037e4218811eaebeda1fd9a48ca464be05968e70dea635,HOLD_EXISTING_REVIEW,no,0,unmapped,recover_accepted_brief_before_change,/Users/vanna/Source/Dystrail-worktrees/recovery-2026-09-21/generated-originals/exec-6132ea3c-8607-4935-b916-dfbe3c9e5794.png,,[],unmapped_existing_hold,none,retain 1536 x 1024; do not stretch
/Users/vanna/.codex/generated_images/01a0a0f7-a4be-7852-a652-0b497de9fbea/exec-631f4491-c88e-4157-ba4c-b04fc3689388.png,e453cecf-81cf-4794-abed-33fc3b0f1a4e.png,1536,1024,5398d6d5e0e11937a888116d4ca0def214bccdfc12ff3e8216c3a52b7f4f8e6b,HOLD_EXISTING_REVIEW,no,0,candidate_only,recover_accepted_brief_before_change,/Users/vanna/Source/Dystrail-worktrees/recovery-2026-09-21/generated-originals/exec-631f4491-c88e-4157-ba4c-b04fc3689388.png,,[],user_review_existing,none,retain 1536 x 1024; do not stretch
/Users/vanna/.codex/generated_images/01a0a0f7-a4be-7852-a652-0b497de9fbea/exec-63263163-b1a2-4e17-ad25-c6b80cb94431.png,crossing-laminate-v2.png,1536,1024,96e316fa8bb8d8b11625f9911a2f8b015ad5019de3530241aff7b10503d8cc70,HOLD_EXISTING_REVIEW,no,0,candidate_only,recover_accepted_brief_before_change,/Users/vanna/Source/Dystrail-worktrees/recovery-2026-09-21/generated-originals/exec-63263163-b1a2-4e17-ad25-c6b80cb94431.png,crossing-laminate-v2,"[{""alias"": ""crossing-laminate-v2"", ""evidence"": ""session record 18970""}]",user_review_existing,none,retain 1536 x 1024; do not stretch
/Users/vanna/.codex/generated_images/01a0a0f7-a4be-7852-a652-0b497de9fbea/exec-634a11f3-d3f8-45ff-93c9-8b2641a15a8b.png,,1536,1024,24bc49334c0e2f7cb4c405f9486b2f090b101765df4a33ad59d85f8a6c556808,HOLD_EXISTING_REVIEW,no,0,unmapped,recover_accepted_brief_before_change,/Users/vanna/Source/Dystrail-worktrees/recovery-2026-09-21/generated-originals/exec-634a11f3-d3f8-45ff-93c9-8b2641a15a8b.png,,[],unmapped_existing_hold,none,retain 1536 x 1024; do not stretch
/Users/vanna/.codex/generated_images/01a0a0f7-a4be-7852-a652-0b497de9fbea/exec-6407655a-cd94-4013-8439-1e1c4ec2d663.png,milk-deep.png,1536,1024,e30fcbac2a2d5f578c7af95999361dcc495a8252ba2969105b2d989305fbccbd,HOLD_EXISTING_REVIEW,no,0,candidate_only,recover_accepted_brief_before_change,/Users/vanna/Source/Dystrail-worktrees/recovery-2026-09-21/generated-originals/exec-6407655a-cd94-4013-8439-1e1c4ec2d663.png,milk-deep,"[{""alias"": ""milk-deep"", ""evidence"": ""session record 6278""}]",user_review_existing,none,retain 1536 x 1024; do not stretch
/Users/vanna/.codex/generated_images/01a0a0f7-a4be-7852-a652-0b497de9fbea/exec-6451c026-83ac-4534-9f34-ee8b25edee54.png,,1536,1024,5db31859440c6d848df79e11b1302f25944021cc114cbc7785beef8566a652a3,HOLD_EXISTING_REVIEW,no,0,unmapped,recover_accepted_brief_before_change,/Users/vanna/Source/Dystrail-worktrees/recovery-2026-09-21/generated-originals/exec-6451c026-83ac-4534-9f34-ee8b25edee54.png,dystrail-web/static/img/scenes-v2/road-c07-c-20260914.png,"[{""alias"": ""dystrail-web/static/img/scenes-v2/road-c07-c-20260914.png"", ""evidence"": ""session record 8989""}]",user_review_existing,none,retain 1536 x 1024; do not stretch
/Users/vanna/.codex/generated_images/01a0a0f7-a4be-7852-a652-0b497de9fbea/exec-6525768d-0310-4821-9cee-714d9f492af3.png,,1536,1024,6ecb636c7e7903981ba5c4ecff775a3a5313b4a5a9f08dd7f4f10df961514392,HOLD_EXISTING_REVIEW,no,0,unmapped,recover_accepted_brief_before_change,/Users/vanna/Source/Dystrail-worktrees/recovery-2026-09-21/generated-originals/exec-6525768d-0310-4821-9cee-714d9f492af3.png,,[],unmapped_existing_hold,none,retain 1536 x 1024; do not stretch
/Users/vanna/.codex/generated_images/01a0a0f7-a4be-7852-a652-0b497de9fbea/exec-655bff94-bcea-4bed-aead-9a88139782ed.png,,1086,1448,40cac2e4c8bf645daf043270773d19fd1a74fdf9abff950f15aa6a21b2d7dde0,HOLD_EXISTING_REVIEW,no,0,unmapped,recover_accepted_brief_before_change,/Users/vanna/Source/Dystrail-worktrees/recovery-2026-09-21/generated-originals/exec-655bff94-bcea-4bed-aead-9a88139782ed.png,dystrail-web/static/img/scenes-v2/care-settings-a-20260914.png,"[{""alias"": ""dystrail-web/static/img/scenes-v2/care-settings-a-20260914.png"", ""evidence"": ""session record 11228""}]",user_review_existing,none,retain 1086 x 1448; do not stretch
/Users/vanna/.codex/generated_images/01a0a0f7-a4be-7852-a652-0b497de9fbea/exec-65df1650-503f-4d15-a219-43b7686fb17f.png,,1086,1448,2d68e1d01b7cfa76624b8b175c0cb171f68ea5d2802d21159c0090b1b59eebed,HOLD_EXISTING_REVIEW,no,0,unmapped,recover_accepted_brief_before_change,/Users/vanna/Source/Dystrail-worktrees/recovery-2026-09-21/generated-originals/exec-65df1650-503f-4d15-a219-43b7686fb17f.png,dystrail-web/static/img/scenes-v2/care-settings-c-20260914.png,"[{""alias"": ""dystrail-web/static/img/scenes-v2/care-settings-c-20260914.png"", ""evidence"": ""session record 11228""}]",user_review_existing,none,retain 1086 x 1448; do not stretch
/Users/vanna/.codex/generated_images/01a0a0f7-a4be-7852-a652-0b497de9fbea/exec-66f652c0-b1b4-4278-8866-f1c13ceb587f.png,,1536,1024,d40f4ad06c735e04d8584d874f9a489418db5a090080e01877e41a3a11ffc099,HOLD_EXISTING_REVIEW,no,0,unmapped,recover_accepted_brief_before_change,/Users/vanna/Source/Dystrail-worktrees/recovery-2026-09-21/generated-originals/exec-66f652c0-b1b4-4278-8866-f1c13ceb587f.png,,[],unmapped_existing_hold,none,retain 1536 x 1024; do not stretch
/Users/vanna/.codex/generated_images/01a0a0f7-a4be-7852-a652-0b497de9fbea/exec-69ac49e0-724b-49f6-85c8-bb41cc09ffe5.png,crossing-crown-permit-v2.png; permit.png,1536,1024,e296e1b2d39a6b14a1a73919e12190f5f5c4bae4b679e7df8bb3935c30643c1f,HOLD_EXISTING_REVIEW,no,0,candidate_only,recover_accepted_brief_before_change,/Users/vanna/Source/Dystrail-worktrees/recovery-2026-09-21/generated-originals/exec-69ac49e0-724b-49f6-85c8-bb41cc09ffe5.png,,[],user_review_existing,none,retain 1536 x 1024; do not stretch
/Users/vanna/.codex/generated_images/01a0a0f7-a4be-7852-a652-0b497de9fbea/exec-6b664c91-4d81-497d-85b8-52a9fd7f2171.png,,1536,1024,1e2492e9876041dd4e41dd175b52beeb1f0fe4875a63fb87676a959ce4b410b6,HOLD_EXISTING_REVIEW,no,0,unmapped,recover_accepted_brief_before_change,/Users/vanna/Source/Dystrail-worktrees/recovery-2026-09-21/generated-originals/exec-6b664c91-4d81-497d-85b8-52a9fd7f2171.png,scenes-v2/barter-b.png,"[{""alias"": ""scenes-v2/barter-b.png"", ""evidence"": ""session record 6074""}]",user_review_existing,none,retain 1536 x 1024; do not stretch
/Users/vanna/.codex/generated_images/01a0a0f7-a4be-7852-a652-0b497de9fbea/exec-6eb71a7f-36f9-41e8-9940-5bcbbc920897.png,crossing-workers-raised-v2.png,1536,1024,3a7b398f70f82d62b16090f5c521975d2d5b86e1708f86200cb3ee61f00e78ba,HOLD_EXISTING_REVIEW,no,0,candidate_only,recover_accepted_brief_before_change,/Users/vanna/Source/Dystrail-worktrees/recovery-2026-09-21/generated-originals/exec-6eb71a7f-36f9-41e8-9940-5bcbbc920897.png,crossing-workers-raised-v2,"[{""alias"": ""crossing-workers-raised-v2"", ""evidence"": ""session record 18970""}]",user_review_existing,none,retain 1536 x 1024; do not stretch
/Users/vanna/.codex/generated_images/01a0a0f7-a4be-7852-a652-0b497de9fbea/exec-6fc1f4cb-1e19-4436-84a2-db837b2cd1cd.png,,1536,1024,1e455b866520f2bd4b0944357d3e8c47f1dfac5b0dfe07c0557384c26a6ce06d,HOLD_EXISTING_REVIEW,no,0,unmapped,recover_accepted_brief_before_change,/Users/vanna/Source/Dystrail-worktrees/recovery-2026-09-21/generated-originals/exec-6fc1f4cb-1e19-4436-84a2-db837b2cd1cd.png,journey/road-classic.png,"[{""alias"": ""journey/road-classic.png"", ""evidence"": ""session record 6074""}]",user_review_existing,none,retain 1536 x 1024; do not stretch
/Users/vanna/.codex/generated_images/01a0a0f7-a4be-7852-a652-0b497de9fbea/exec-70863b77-6c01-4c8a-a9e6-3d4cd48e604f.png,,1254,1254,23ab4b5c3955dd5f0eaca61942b97b5a44666600a93dcf375cbed0e13b8c7707,HOLD_EXISTING_REVIEW,no,0,unmapped,recover_accepted_brief_before_change,/Users/vanna/Source/Dystrail-worktrees/recovery-2026-09-21/generated-originals/exec-70863b77-6c01-4c8a-a9e6-3d4cd48e604f.png,cast-v2/care-actions-20260915-mask.png,"[{""alias"": ""cast-v2/care-actions-20260915-mask.png"", ""evidence"": ""session record 14232""}]",user_review_existing,none,retain 1254 x 1254; do not stretch
/Users/vanna/.codex/generated_images/01a0a0f7-a4be-7852-a652-0b497de9fbea/exec-74102124-fa80-428b-b68b-432673b05852.png,,1536,1024,84b5bbeeb7dd564488645c694471bca812dd1be7c73b55cf13d8193754b927e3,HOLD_EXISTING_REVIEW,no,0,unmapped,recover_accepted_brief_before_change,/Users/vanna/Source/Dystrail-worktrees/recovery-2026-09-21/generated-originals/exec-74102124-fa80-428b-b68b-432673b05852.png,scenes-v2/road-c01-20260914.png,"[{""alias"": ""scenes-v2/road-c01-20260914.png"", ""evidence"": ""session record 6074""}]",user_review_existing,none,retain 1536 x 1024; do not stretch
/Users/vanna/.codex/generated_images/01a0a0f7-a4be-7852-a652-0b497de9fbea/exec-75d7870c-bee2-48f6-9461-ce8a9e960e41.png,,1536,1024,12d69346ef5bc5f839d0502cebf6bbc732fd115834eaabb4f111f50aed24ee2f,HOLD_EXISTING_REVIEW,no,0,unmapped,recover_accepted_brief_before_change,/Users/vanna/Source/Dystrail-worktrees/recovery-2026-09-21/generated-originals/exec-75d7870c-bee2-48f6-9461-ce8a9e960e41.png,,[],unmapped_existing_hold,none,retain 1536 x 1024; do not stretch
/Users/vanna/.codex/generated_images/01a0a0f7-a4be-7852-a652-0b497de9fbea/exec-77b5e237-1eaf-4296-93d4-ba4ba541ce1e.png,,1536,1024,ada6699d519a8b07e16932f2ce6a578abacebd564401c9cb8dfe6e3b35d18856,HOLD_EXISTING_REVIEW,no,0,unmapped,recover_accepted_brief_before_change,/Users/vanna/Source/Dystrail-worktrees/recovery-2026-09-21/generated-originals/exec-77b5e237-1eaf-4296-93d4-ba4ba541ce1e.png,scenes-v2/road-c02-record-donate-20260914.png,"[{""alias"": ""scenes-v2/road-c02-record-donate-20260914.png"", ""evidence"": ""session record 5935""}]",user_review_existing,none,retain 1536 x 1024; do not stretch
/Users/vanna/.codex/generated_images/01a0a0f7-a4be-7852-a652-0b497de9fbea/exec-78930a28-8797-4ab5-8aaa-bc4bc1c03185.png,rustbelt.png,1536,1024,c0424a0e33cb01a3bf8409bd1eb121c76138542f21f3527861adea25a04443ba,HOLD_EXISTING_REVIEW,no,0,candidate_only,recover_accepted_brief_before_change,/Users/vanna/Source/Dystrail-worktrees/recovery-2026-09-21/generated-originals/exec-78930a28-8797-4ab5-8aaa-bc4bc1c03185.png,rustbelt,"[{""alias"": ""rustbelt"", ""evidence"": ""session record 6278""}]",user_review_existing,none,retain 1536 x 1024; do not stretch
/Users/vanna/.codex/generated_images/01a0a0f7-a4be-7852-a652-0b497de9fbea/exec-7b074a4f-6559-4f71-9d23-6804ff4c4b72.png,,1086,1448,5366f4db8fad2b72e6db485a626d392916795297cdb58eebbe79e0afffd91f17,HOLD_EXISTING_REVIEW,no,0,unmapped,recover_accepted_brief_before_change,/Users/vanna/Source/Dystrail-worktrees/recovery-2026-09-21/generated-originals/exec-7b074a4f-6559-4f71-9d23-6804ff4c4b72.png,dystrail-web/static/img/scenes-v2/care-settings-b-20260914.png,"[{""alias"": ""dystrail-web/static/img/scenes-v2/care-settings-b-20260914.png"", ""evidence"": ""session record 11228""}]",user_review_existing,none,retain 1086 x 1448; do not stretch
/Users/vanna/.codex/generated_images/01a0a0f7-a4be-7852-a652-0b497de9fbea/exec-828e93de-281c-498d-b344-508e3f74ef50.png,,1536,1024,521acd3b3fd0412da64fc1480c2de722c144550cd3114cb14d7874788c95dfbc,HOLD_EXISTING_REVIEW,no,0,unmapped,recover_accepted_brief_before_change,/Users/vanna/Source/Dystrail-worktrees/recovery-2026-09-21/generated-originals/exec-828e93de-281c-498d-b344-508e3f74ef50.png,,[],unmapped_existing_hold,none,retain 1536 x 1024; do not stretch
/Users/vanna/.codex/generated_images/01a0a0f7-a4be-7852-a652-0b497de9fbea/exec-83b37c3f-e399-44b5-bdc8-9fd484d1062f.png,passed.png,1536,1024,dd103c2e4ce828f6a14152ecfc7d594870841ae182d10cd9d2c6a4030c96133a,HOLD_EXISTING_REVIEW,no,0,candidate_only,recover_accepted_brief_before_change,/Users/vanna/Source/Dystrail-worktrees/recovery-2026-09-21/generated-originals/exec-83b37c3f-e399-44b5-bdc8-9fd484d1062f.png,,[],user_review_existing,none,retain 1536 x 1024; do not stretch
/Users/vanna/.codex/generated_images/01a0a0f7-a4be-7852-a652-0b497de9fbea/exec-86b70675-4f77-4142-8ce4-e28d1740a916.png,crossing-settings-a-20260915.png,1536,1024,41c7f81c5e9b4cbf4a2d290f103ce6beffc402e6a13cfba4aff31c80ce374706,HOLD_EXISTING_REVIEW,no,0,candidate_only,recover_accepted_brief_before_change,/Users/vanna/Source/Dystrail-worktrees/recovery-2026-09-21/generated-originals/exec-86b70675-4f77-4142-8ce4-e28d1740a916.png,,[],user_review_existing,none,retain 1536 x 1024; do not stretch
/Users/vanna/.codex/generated_images/01a0a0f7-a4be-7852-a652-0b497de9fbea/exec-86ea23d0-6e76-42f2-88cf-1c866dcc09b9.png,,1254,1254,428beef9aa06b50cc1aaefca1d49f5feca5f2794f46d27c2cb1e8df7adb859d6,HOLD_EXISTING_REVIEW,no,0,unmapped,recover_accepted_brief_before_change,/Users/vanna/Source/Dystrail-worktrees/recovery-2026-09-21/generated-originals/exec-86ea23d0-6e76-42f2-88cf-1c866dcc09b9.png,,[],unmapped_existing_hold,none,retain 1254 x 1254; do not stretch
/Users/vanna/.codex/generated_images/01a0a0f7-a4be-7852-a652-0b497de9fbea/exec-8936c08b-4fdb-4b1c-bea4-427abc30b59a.png,,1536,1024,4982accc65c76989f884c6c1b7fbb859508841adcfab36aed9c6206be862fbea,HOLD_EXISTING_REVIEW,no,0,unmapped,recover_accepted_brief_before_change,/Users/vanna/Source/Dystrail-worktrees/recovery-2026-09-21/generated-originals/exec-8936c08b-4fdb-4b1c-bea4-427abc30b59a.png,dystrail-web/static/img/scenes-v2/road-c06-c-20260914.png,"[{""alias"": ""dystrail-web/static/img/scenes-v2/road-c06-c-20260914.png"", ""evidence"": ""session record 8706""}, {""alias"": ""dystrail-web/static/img/scenes-v2/road-c06-c-20260914.png"", ""evidence"": ""session record 8711""}]",user_review_existing,none,retain 1536 x 1024; do not stretch
/Users/vanna/.codex/generated_images/01a0a0f7-a4be-7852-a652-0b497de9fbea/exec-8aa7dcb2-6e9b-40ed-8ac5-80cd1f5f0bcd.png,,1254,1254,cdc480966eada3cbde8f4137548782842b6c04165726b361b755ad7889f20248,HOLD_EXISTING_REVIEW,no,0,unmapped,recover_accepted_brief_before_change,/Users/vanna/Source/Dystrail-worktrees/recovery-2026-09-21/generated-originals/exec-8aa7dcb2-6e9b-40ed-8ac5-80cd1f5f0bcd.png,dystrail-web/static/img/scenes-v2/ally-settings-b-20260915.png,"[{""alias"": ""dystrail-web/static/img/scenes-v2/ally-settings-b-20260915.png"", ""evidence"": ""session record 15580""}]",user_review_existing,none,retain 1254 x 1254; do not stretch
/Users/vanna/.codex/generated_images/01a0a0f7-a4be-7852-a652-0b497de9fbea/exec-8b1f64a8-a928-4926-af4b-6382ee788b26.png,policy-bulletins-b-wrong-slot.png; policy-bulletins-b.png,1536,1024,921de850db5cd0c818dfeea6ca303f5eb2d439be203cab3cba55a08a25ffa368,HOLD_EXISTING_REVIEW,no,0,candidate_only,recover_accepted_brief_before_change,/Users/vanna/Source/Dystrail-worktrees/recovery-2026-09-21/generated-originals/exec-8b1f64a8-a928-4926-af4b-6382ee788b26.png,,[],user_review_existing,none,retain 1536 x 1024; do not stretch
/Users/vanna/.codex/generated_images/01a0a0f7-a4be-7852-a652-0b497de9fbea/exec-8b3811f6-c1f3-46b5-b586-6f837119cac5.png,,1536,1024,e3ddba7c478a62f68f272e80da078935aad2a910e157df7598c96e863fae6ec2,HOLD_EXISTING_REVIEW,no,0,unmapped,recover_accepted_brief_before_change,/Users/vanna/Source/Dystrail-worktrees/recovery-2026-09-21/generated-originals/exec-8b3811f6-c1f3-46b5-b586-6f837119cac5.png,scenes-v2/work-refresh-20260914.png,"[{""alias"": ""scenes-v2/work-refresh-20260914.png"", ""evidence"": ""session record 6074""}]",user_review_existing,none,retain 1536 x 1024; do not stretch
/Users/vanna/.codex/generated_images/01a0a0f7-a4be-7852-a652-0b497de9fbea/exec-8b51cad6-c3a8-489c-9d39-ca9b82cdf866.png,rejected.png; road-c07-b-20260914.png,1536,1024,c4f48c5939c751fa8bdaa05bf605b214696cf18d7017c8ddb89fca8ccb87d59a,HOLD_EXISTING_REVIEW,no,0,candidate_only,recover_accepted_brief_before_change,/Users/vanna/Source/Dystrail-worktrees/recovery-2026-09-21/generated-originals/exec-8b51cad6-c3a8-489c-9d39-ca9b82cdf866.png,,[],user_review_existing,none,retain 1536 x 1024; do not stretch
/Users/vanna/.codex/generated_images/01a0a0f7-a4be-7852-a652-0b497de9fbea/exec-8cb5c031-d3fe-45e4-8e03-39c6faae4775.png,enc-media-workshop.png,1536,1024,83b42d1fe4ac6ff99f641212dc4d5c23018beb56b70636a3f4b6f0b58a8faebe,HOLD_EXISTING_REVIEW,no,0,candidate_only,recover_accepted_brief_before_change,/Users/vanna/Source/Dystrail-worktrees/recovery-2026-09-21/generated-originals/exec-8cb5c031-d3fe-45e4-8e03-39c6faae4775.png,enc-media-workshop,"[{""alias"": ""enc-media-workshop"", ""evidence"": ""session record 6278""}]",user_review_existing,none,retain 1536 x 1024; do not stretch
/Users/vanna/.codex/generated_images/01a0a0f7-a4be-7852-a652-0b497de9fbea/exec-9040df58-ae56-4844-9a66-61b9de6b4a9e.png,,1536,1024,60c6a3ca3e8107a360bd4067395c039661788a0fb6f7315edf0fb2ec9bcd11e0,HOLD_EXISTING_REVIEW,no,0,unmapped,recover_accepted_brief_before_change,/Users/vanna/Source/Dystrail-worktrees/recovery-2026-09-21/generated-originals/exec-9040df58-ae56-4844-9a66-61b9de6b4a9e.png,dystrail-web/static/img/scenes-v2/town-41-c-20260915.png,"[{""alias"": ""dystrail-web/static/img/scenes-v2/town-41-c-20260915.png"", ""evidence"": ""session record 12343""}]",user_review_existing,none,retain 1536 x 1024; do not stretch
/Users/vanna/.codex/generated_images/01a0a0f7-a4be-7852-a652-0b497de9fbea/exec-91e019b7-30b4-4806-8489-2d9dbbc1a137.png,,1254,1254,ea20a93fc86e3aae92e971db79849a474699b16103aa1db737089499908274eb,HOLD_EXISTING_REVIEW,no,0,unmapped,recover_accepted_brief_before_change,/Users/vanna/Source/Dystrail-worktrees/recovery-2026-09-21/generated-originals/exec-91e019b7-30b4-4806-8489-2d9dbbc1a137.png,,[],unmapped_existing_hold,none,retain 1254 x 1254; do not stretch
/Users/vanna/.codex/generated_images/01a0a0f7-a4be-7852-a652-0b497de9fbea/exec-9230d055-c943-44d4-bc45-53da1100bcc3.png,open-appalachian-ridge.png,1536,1024,c47d1de171667cf7fa3ca31afdeacc979d99061f48523bf908fee022488f4c6e,HOLD_EXISTING_REVIEW,no,0,candidate_only,recover_accepted_brief_before_change,/Users/vanna/Source/Dystrail-worktrees/recovery-2026-09-21/generated-originals/exec-9230d055-c943-44d4-bc45-53da1100bcc3.png,open-appalachian-ridge,"[{""alias"": ""open-appalachian-ridge"", ""evidence"": ""session record 6278""}]",user_review_existing,none,retain 1536 x 1024; do not stretch
/Users/vanna/.codex/generated_images/01a0a0f7-a4be-7852-a652-0b497de9fbea/exec-93f38f07-11f3-402c-bdf7-b9bee6608428.png,repair-components-20260914.png,1536,1024,d84eb8f0eab312487afd32db81dc396324a398a360c998204813b6d42842daf1,HOLD_EXISTING_REVIEW,no,0,candidate_only,recover_accepted_brief_before_change,/Users/vanna/Source/Dystrail-worktrees/recovery-2026-09-21/generated-originals/exec-93f38f07-11f3-402c-bdf7-b9bee6608428.png,dystrail-web/static/img/scenes-v2/repair-components-20260914.png,"[{""alias"": ""dystrail-web/static/img/scenes-v2/repair-components-20260914.png"", ""evidence"": ""recorded-files/review/art-satire/repair-source-assets.json""}]",user_review_existing,none,retain 1536 x 1024; do not stretch
/Users/vanna/.codex/generated_images/01a0a0f7-a4be-7852-a652-0b497de9fbea/exec-956bb6b0-2543-49c3-8831-0f9bdeb2c17b.png,,1536,1024,d29302efc690933d43f00b6f4a4f252c7d27766138e4829aafb4dacde991ff52,HOLD_EXISTING_REVIEW,no,0,unmapped,recover_accepted_brief_before_change,/Users/vanna/Source/Dystrail-worktrees/recovery-2026-09-21/generated-originals/exec-956bb6b0-2543-49c3-8831-0f9bdeb2c17b.png,,[],unmapped_existing_hold,none,retain 1536 x 1024; do not stretch
/Users/vanna/.codex/generated_images/01a0a0f7-a4be-7852-a652-0b497de9fbea/exec-95798ea8-b59e-46d9-bb97-82a7a175c33f.png,inspection-20260914.png,1536,1024,014e894c65269e299ca2f73a63618cf0678e103e32a06ef12c9c0b79e34e33a7,HOLD_EXISTING_REVIEW,no,0,candidate_only,recover_accepted_brief_before_change,/Users/vanna/Source/Dystrail-worktrees/recovery-2026-09-21/generated-originals/exec-95798ea8-b59e-46d9-bb97-82a7a175c33f.png,dystrail-web/static/img/cast-v2/inspection-20260914.png,"[{""alias"": ""dystrail-web/static/img/cast-v2/inspection-20260914.png"", ""evidence"": ""recorded-files/review/art-satire/repair-source-assets.json""}]",user_review_existing,none,retain 1536 x 1024; do not stretch
/Users/vanna/.codex/generated_images/01a0a0f7-a4be-7852-a652-0b497de9fbea/exec-96751556-73d7-431e-993b-2e579728f4c2.png,,1536,1024,5c07461b689e18145f7e5e8d3fa254d94eeb6eb431771d49f243092785153eff,HOLD_EXISTING_REVIEW,no,0,unmapped,recover_accepted_brief_before_change,/Users/vanna/Source/Dystrail-worktrees/recovery-2026-09-21/generated-originals/exec-96751556-73d7-431e-993b-2e579728f4c2.png,dystrail-web/static/img/scenes-v2/road-c08-a-20260914.png,"[{""alias"": ""dystrail-web/static/img/scenes-v2/road-c08-a-20260914.png"", ""evidence"": ""session record 9498""}]",user_review_existing,none,retain 1536 x 1024; do not stretch
/Users/vanna/.codex/generated_images/01a0a0f7-a4be-7852-a652-0b497de9fbea/exec-97994eb1-95b4-4131-9815-a42bc038f0b8.png,gather-refresh-candidate.png,1536,1024,69a7a6153641f7f5dd529cf2bbac913b18fef81f38f0ad55cde7824b3ed17706,HOLD_EXISTING_REVIEW,no,0,candidate_only,recover_accepted_brief_before_change,/Users/vanna/Source/Dystrail-worktrees/recovery-2026-09-21/generated-originals/exec-97994eb1-95b4-4131-9815-a42bc038f0b8.png,,[],user_review_existing,none,retain 1536 x 1024; do not stretch
/Users/vanna/.codex/generated_images/01a0a0f7-a4be-7852-a652-0b497de9fbea/exec-97b1bdd2-dcb7-40d5-99b5-c066702446cb.png,ally-settings-c-20260915.png,1254,1254,937549a8e720d7ca09434acc693a1467790061ed5096264cfd3cfc4d09189759,HOLD_EXISTING_REVIEW,no,0,candidate_only,recover_accepted_brief_before_change,/Users/vanna/Source/Dystrail-worktrees/recovery-2026-09-21/generated-originals/exec-97b1bdd2-dcb7-40d5-99b5-c066702446cb.png,,[],user_review_existing,none,retain 1254 x 1254; do not stretch
/Users/vanna/.codex/generated_images/01a0a0f7-a4be-7852-a652-0b497de9fbea/exec-99c1a968-232a-4dbe-b48b-a11679f0a72b.png,,1536,1024,32030c094a24b8d477e67ac7da6c32833e5a266cc6cc591c19459a1e207084f1,HOLD_EXISTING_REVIEW,no,0,unmapped,recover_accepted_brief_before_change,/Users/vanna/Source/Dystrail-worktrees/recovery-2026-09-21/generated-originals/exec-99c1a968-232a-4dbe-b48b-a11679f0a72b.png,dystrail-web/static/img/scenes-v2/town-41-b-20260915.png,"[{""alias"": ""dystrail-web/static/img/scenes-v2/town-41-b-20260915.png"", ""evidence"": ""session record 12343""}]",user_review_existing,none,retain 1536 x 1024; do not stretch
/Users/vanna/.codex/generated_images/01a0a0f7-a4be-7852-a652-0b497de9fbea/exec-9b04cc62-1588-4fcc-ad50-57bb152fe95f.png,replacement.png,1536,1024,6c4d1b79dd63beb907c5a809079a812e50dd29e027e7181c51fdc786f3dc0d70,HOLD_EXISTING_REVIEW,no,0,candidate_only,recover_accepted_brief_before_change,/Users/vanna/Source/Dystrail-worktrees/recovery-2026-09-21/generated-originals/exec-9b04cc62-1588-4fcc-ad50-57bb152fe95f.png,dystrail-web/static/img/scenes-v2/road-c08-b-20260914.png,"[{""alias"": ""dystrail-web/static/img/scenes-v2/road-c08-b-20260914.png"", ""evidence"": ""session record 9498""}]",user_review_existing,none,retain 1536 x 1024; do not stretch
/Users/vanna/.codex/generated_images/01a0a0f7-a4be-7852-a652-0b497de9fbea/exec-9e3486c1-cb0b-49ce-a022-4702f9f8837e.png,,1536,1024,a0e2f0d392d2f843d09ed0d7354120db420a6020e6a1cb0b0e37f3af2eb06554,HOLD_EXISTING_REVIEW,no,0,unmapped,recover_accepted_brief_before_change,/Users/vanna/Source/Dystrail-worktrees/recovery-2026-09-21/generated-originals/exec-9e3486c1-cb0b-49ce-a022-4702f9f8837e.png,,[],unmapped_existing_hold,none,retain 1536 x 1024; do not stretch
/Users/vanna/.codex/generated_images/01a0a0f7-a4be-7852-a652-0b497de9fbea/exec-a08221a6-a499-44be-a0eb-d0d342341cb2.png,,1536,1024,813fedcd913da2356e6364561b217490fb550691bb73c0751bb3806b743f1de7,HOLD_EXISTING_REVIEW,no,0,unmapped,recover_accepted_brief_before_change,/Users/vanna/Source/Dystrail-worktrees/recovery-2026-09-21/generated-originals/exec-a08221a6-a499-44be-a0eb-d0d342341cb2.png,journey/journey-settings-v1.png,"[{""alias"": ""journey/journey-settings-v1.png"", ""evidence"": ""session record 5935""}]",user_review_existing,none,retain 1536 x 1024; do not stretch
/Users/vanna/.codex/generated_images/01a0a0f7-a4be-7852-a652-0b497de9fbea/exec-a0b9a727-785a-411d-8584-ad0522327693.png,,1536,1024,8400e4efdbb12041065465a4812fea3c9bd0c8a15929b2b8d7f17d5f9f3d712d,HOLD_EXISTING_REVIEW,no,0,unmapped,recover_accepted_brief_before_change,/Users/vanna/Source/Dystrail-worktrees/recovery-2026-09-21/generated-originals/exec-a0b9a727-785a-411d-8584-ad0522327693.png,repair-props-20260914-mask.png,"[{""alias"": ""repair-props-20260914-mask.png"", ""evidence"": ""session record 13605""}]",user_review_existing,none,retain 1536 x 1024; do not stretch
/Users/vanna/.codex/generated_images/01a0a0f7-a4be-7852-a652-0b497de9fbea/exec-a197569b-2e91-4720-81d0-47072ff12f03.png,,1536,1024,cbc4279998ef1c4eb1ef435b92c76f20c5ae6521767730683b062e25e9b18d61,HOLD_EXISTING_REVIEW,no,0,unmapped,recover_accepted_brief_before_change,/Users/vanna/Source/Dystrail-worktrees/recovery-2026-09-21/generated-originals/exec-a197569b-2e91-4720-81d0-47072ff12f03.png,scenes-v2/policy-bulletins-a.png,"[{""alias"": ""scenes-v2/policy-bulletins-a.png"", ""evidence"": ""session record 6074""}]",user_review_existing,none,retain 1536 x 1024; do not stretch
/Users/vanna/.codex/generated_images/01a0a0f7-a4be-7852-a652-0b497de9fbea/exec-a1b7c12f-d43a-443d-b8b2-749e6824a718.png,crossing-clinic-v2.png,1536,1024,720ba638aac58aebebae2a20b20467aef6387edcba823e3b2d877afd3c1bdc50,HOLD_EXISTING_REVIEW,no,0,candidate_only,recover_accepted_brief_before_change,/Users/vanna/Source/Dystrail-worktrees/recovery-2026-09-21/generated-originals/exec-a1b7c12f-d43a-443d-b8b2-749e6824a718.png,crossing-clinic-v2,"[{""alias"": ""crossing-clinic-v2"", ""evidence"": ""session record 19326""}]",user_review_existing,none,retain 1536 x 1024; do not stretch
/Users/vanna/.codex/generated_images/01a0a0f7-a4be-7852-a652-0b497de9fbea/exec-a1c47c1e-86a4-45ca-98a9-4101f6b3f853.png,,1536,1024,ca46df5d94bd965cc1da00cbe6eade08a48dd72f8f5391d161767d5f9488663b,HOLD_EXISTING_REVIEW,no,0,unmapped,recover_accepted_brief_before_change,/Users/vanna/Source/Dystrail-worktrees/recovery-2026-09-21/generated-originals/exec-a1c47c1e-86a4-45ca-98a9-4101f6b3f853.png,,[],unmapped_existing_hold,none,retain 1536 x 1024; do not stretch
/Users/vanna/.codex/generated_images/01a0a0f7-a4be-7852-a652-0b497de9fbea/exec-a26e7156-7383-497f-b41f-1514f38b14bd.png,,1536,1024,ec153e3d4f84c4921c7375592943e332c99836451a6c336946c17605b93976de,HOLD_EXISTING_REVIEW,no,0,unmapped,recover_accepted_brief_before_change,/Users/vanna/Source/Dystrail-worktrees/recovery-2026-09-21/generated-originals/exec-a26e7156-7383-497f-b41f-1514f38b14bd.png,,[],unmapped_existing_hold,none,retain 1536 x 1024; do not stretch
/Users/vanna/.codex/generated_images/01a0a0f7-a4be-7852-a652-0b497de9fbea/exec-a40f46a9-04be-4a91-b62f-f3a5b9746183.png,,1536,1024,75d4e2141a87d8eb326642dc61fb397b1acfdad99e0f09e50de61fda8ff74ed9,HOLD_EXISTING_REVIEW,no,0,unmapped,recover_accepted_brief_before_change,/Users/vanna/Source/Dystrail-worktrees/recovery-2026-09-21/generated-originals/exec-a40f46a9-04be-4a91-b62f-f3a5b9746183.png,dystrail-web/static/img/scenes-v2/road-c05-c-20260914.png,"[{""alias"": ""dystrail-web/static/img/scenes-v2/road-c05-c-20260914.png"", ""evidence"": ""session record 8185""}]",user_review_existing,none,retain 1536 x 1024; do not stretch
/Users/vanna/.codex/generated_images/01a0a0f7-a4be-7852-a652-0b497de9fbea/exec-a6cc2f22-18f7-4ed0-8393-061681a0af93.png,,1536,1024,f83309fa71d09fdc72d776e5d759e33ee78f074d61b8f55321be82c22faf8520,HOLD_EXISTING_REVIEW,no,0,unmapped,recover_accepted_brief_before_change,/Users/vanna/Source/Dystrail-worktrees/recovery-2026-09-21/generated-originals/exec-a6cc2f22-18f7-4ed0-8393-061681a0af93.png,,[],unmapped_existing_hold,none,retain 1536 x 1024; do not stretch
/Users/vanna/.codex/generated_images/01a0a0f7-a4be-7852-a652-0b497de9fbea/exec-a70adc14-4c14-40fb-84b8-4751c704ab1b.png,satire-settings-01.png,1536,1024,31d306cf8953342d346e5281932287a2c6535ebf4e8152e081c1d108a4b084f7,HOLD_EXISTING_REVIEW,no,0,candidate_only,recover_accepted_brief_before_change,/Users/vanna/Source/Dystrail-worktrees/recovery-2026-09-21/generated-originals/exec-a70adc14-4c14-40fb-84b8-4751c704ab1b.png,dystrail-web/static/img/scenes-v2/satire-settings-01.png; satire-settings-01,"[{""alias"": ""dystrail-web/static/img/scenes-v2/satire-settings-01.png"", ""evidence"": ""session record 842""}, {""alias"": ""satire-settings-01"", ""evidence"": ""session record 842""}]",user_review_existing,none,retain 1536 x 1024; do not stretch
/Users/vanna/.codex/generated_images/01a0a0f7-a4be-7852-a652-0b497de9fbea/exec-a70cac80-5cba-45cf-82e2-61615965589e.png,,1536,1024,1c191c8505bd74bdaf4ac21617764c5a74d89140e70d5d53375eb0e95aa3541e,HOLD_EXISTING_REVIEW,no,0,unmapped,recover_accepted_brief_before_change,/Users/vanna/Source/Dystrail-worktrees/recovery-2026-09-21/generated-originals/exec-a70cac80-5cba-45cf-82e2-61615965589e.png,dystrail-web/static/img/scenes-v2/town-41-a-20260915.png,"[{""alias"": ""dystrail-web/static/img/scenes-v2/town-41-a-20260915.png"", ""evidence"": ""session record 12343""}]",user_review_existing,none,retain 1536 x 1024; do not stretch
/Users/vanna/.codex/generated_images/01a0a0f7-a4be-7852-a652-0b497de9fbea/exec-ab4baaef-b101-40c7-a390-ef301599814c.png,crossing-workers-lowered-v2.png,1536,1024,42c44c0641792db1494fedc0e153b2a331d677f3bfbeef947d1588c5d76acc9b,HOLD_EXISTING_REVIEW,no,0,candidate_only,recover_accepted_brief_before_change,/Users/vanna/Source/Dystrail-worktrees/recovery-2026-09-21/generated-originals/exec-ab4baaef-b101-40c7-a390-ef301599814c.png,crossing-workers-lowered-v2,"[{""alias"": ""crossing-workers-lowered-v2"", ""evidence"": ""session record 18970""}]",user_review_existing,none,retain 1536 x 1024; do not stretch
/Users/vanna/.codex/generated_images/01a0a0f7-a4be-7852-a652-0b497de9fbea/exec-ab9b4565-d9e9-4a51-ac25-685a454d0db9.png,dc0da6db-a9b5-4235-9c9e-7fbcf3e0ce4c.png,1536,1024,0dd587690d02f04b57bbfaf297cf07ffbf03bda4fd131669d1de3d2e902b24f8,HOLD_EXISTING_REVIEW,no,0,candidate_only,recover_accepted_brief_before_change,/Users/vanna/Source/Dystrail-worktrees/recovery-2026-09-21/generated-originals/exec-ab9b4565-d9e9-4a51-ac25-685a454d0db9.png,,[],user_review_existing,none,retain 1536 x 1024; do not stretch
/Users/vanna/.codex/generated_images/01a0a0f7-a4be-7852-a652-0b497de9fbea/exec-ad2cb452-3b39-469e-b85a-56707e1dbe74.png,,1536,1024,154e8f78693d38efc94590933722efe6f8b8b8995a8b0783707bde86caab7b87,HOLD_EXISTING_REVIEW,no,0,unmapped,recover_accepted_brief_before_change,/Users/vanna/Source/Dystrail-worktrees/recovery-2026-09-21/generated-originals/exec-ad2cb452-3b39-469e-b85a-56707e1dbe74.png,scenes-v2/barter-refresh-20260914.png,"[{""alias"": ""scenes-v2/barter-refresh-20260914.png"", ""evidence"": ""session record 6074""}]",user_review_existing,none,retain 1536 x 1024; do not stretch
/Users/vanna/.codex/generated_images/01a0a0f7-a4be-7852-a652-0b497de9fbea/exec-ad45bf24-597a-4212-9047-90aa87a11490.png,,1254,1254,7abb379bdb09c1626f76e2f18f87c38fb43887012541fe2238529ccecaf77be6,HOLD_EXISTING_REVIEW,no,0,unmapped,recover_accepted_brief_before_change,/Users/vanna/Source/Dystrail-worktrees/recovery-2026-09-21/generated-originals/exec-ad45bf24-597a-4212-9047-90aa87a11490.png,,[],unmapped_existing_hold,none,retain 1254 x 1254; do not stretch
/Users/vanna/.codex/generated_images/01a0a0f7-a4be-7852-a652-0b497de9fbea/exec-add85fea-7283-425d-9168-bcd8b418ab69.png,,1536,1024,b8292d5e1bc987794249ea20d020111207c9a9945edc9b3837cb7ed469e371fd,HOLD_EXISTING_REVIEW,no,0,unmapped,recover_accepted_brief_before_change,/Users/vanna/Source/Dystrail-worktrees/recovery-2026-09-21/generated-originals/exec-add85fea-7283-425d-9168-bcd8b418ab69.png,b,"[{""alias"": ""b"", ""evidence"": ""session record 17569""}]",user_review_existing,none,retain 1536 x 1024; do not stretch
/Users/vanna/.codex/generated_images/01a0a0f7-a4be-7852-a652-0b497de9fbea/exec-aea4ea0b-3251-4bbe-877e-79a46ffe5c10.png,crossing-fork-v2.png,1536,1024,a5da17ae2241d41821353b439645f422c47546522d4500d8e05cc44684b59928,HOLD_EXISTING_REVIEW,no,0,candidate_only,recover_accepted_brief_before_change,/Users/vanna/Source/Dystrail-worktrees/recovery-2026-09-21/generated-originals/exec-aea4ea0b-3251-4bbe-877e-79a46ffe5c10.png,crossing-fork-v2,"[{""alias"": ""crossing-fork-v2"", ""evidence"": ""session record 18970""}]",user_review_existing,none,retain 1536 x 1024; do not stretch
/Users/vanna/.codex/generated_images/01a0a0f7-a4be-7852-a652-0b497de9fbea/exec-aeda900b-64ca-4859-a23c-6c1a7c0ea284.png,,1254,1254,ba8529ae0b45f35fd9dc66d409baec40de40c3b18ddc855409ded3471d2e0567,HOLD_EXISTING_REVIEW,no,0,unmapped,recover_accepted_brief_before_change,/Users/vanna/Source/Dystrail-worktrees/recovery-2026-09-21/generated-originals/exec-aeda900b-64ca-4859-a23c-6c1a7c0ea284.png,cast-v2/care-seated-20260915-mask.png,"[{""alias"": ""cast-v2/care-seated-20260915-mask.png"", ""evidence"": ""session record 14232""}]",user_review_existing,none,retain 1254 x 1254; do not stretch
/Users/vanna/.codex/generated_images/01a0a0f7-a4be-7852-a652-0b497de9fbea/exec-af66aca9-4082-4c51-8932-e835f081e1ed.png,,1536,1024,fb2cea4c5224106bea36b6a1634bb89ee36b586cb7b51081a5dfd3ecb98af838,HOLD_EXISTING_REVIEW,no,0,unmapped,recover_accepted_brief_before_change,/Users/vanna/Source/Dystrail-worktrees/recovery-2026-09-21/generated-originals/exec-af66aca9-4082-4c51-8932-e835f081e1ed.png,,[],unmapped_existing_hold,none,retain 1536 x 1024; do not stretch
/Users/vanna/.codex/generated_images/01a0a0f7-a4be-7852-a652-0b497de9fbea/exec-af8f24ed-5993-42d7-82c7-a552bbec470d.png,crossing-concrete-v2.png,1536,1024,325b17b653894788d8e31475696c65aa0accc94904c69a0edb5b85189b5e4b23,HOLD_EXISTING_REVIEW,no,0,candidate_only,recover_accepted_brief_before_change,/Users/vanna/Source/Dystrail-worktrees/recovery-2026-09-21/generated-originals/exec-af8f24ed-5993-42d7-82c7-a552bbec470d.png,crossing-concrete-v2,"[{""alias"": ""crossing-concrete-v2"", ""evidence"": ""session record 19326""}]",user_review_existing,none,retain 1536 x 1024; do not stretch
/Users/vanna/.codex/generated_images/01a0a0f7-a4be-7852-a652-0b497de9fbea/exec-b27090c2-f84b-41d3-93a1-07f1b4f5c224.png,props.png,1536,1024,21aded20e525611c38694655d99b4eb2a8a61b6f557047a39143612559813dd4,HOLD_EXISTING_REVIEW,no,0,candidate_only,recover_accepted_brief_before_change,/Users/vanna/Source/Dystrail-worktrees/recovery-2026-09-21/generated-originals/exec-b27090c2-f84b-41d3-93a1-07f1b4f5c224.png,,[],user_review_existing,none,retain 1536 x 1024; do not stretch
/Users/vanna/.codex/generated_images/01a0a0f7-a4be-7852-a652-0b497de9fbea/exec-b3f7f008-0c88-4f21-9112-78e7639e8b20.png,policy-bulletins-a.png,1536,1024,cdede77b2f60ba8aab588ddd184cfa0e8d69da3718916da48d2dcadaa0c1def3,HOLD_EXISTING_REVIEW,no,0,candidate_only,recover_accepted_brief_before_change,/Users/vanna/Source/Dystrail-worktrees/recovery-2026-09-21/generated-originals/exec-b3f7f008-0c88-4f21-9112-78e7639e8b20.png,,[],user_review_existing,none,retain 1536 x 1024; do not stretch
/Users/vanna/.codex/generated_images/01a0a0f7-a4be-7852-a652-0b497de9fbea/exec-b59ce8e8-c10c-4aac-aae2-7a0e501f6fa1.png,,1536,1024,6c51fabf793a074c14aee3511bda44002245fb4bb7e63d15d7a16fd1a3e7db6a,HOLD_EXISTING_REVIEW,no,0,unmapped,recover_accepted_brief_before_change,/Users/vanna/Source/Dystrail-worktrees/recovery-2026-09-21/generated-originals/exec-b59ce8e8-c10c-4aac-aae2-7a0e501f6fa1.png,,[],unmapped_existing_hold,none,retain 1536 x 1024; do not stretch
/Users/vanna/.codex/generated_images/01a0a0f7-a4be-7852-a652-0b497de9fbea/exec-b8e5d63f-6471-4070-ae6c-1cc37cf2d836.png,rejected.png,1536,1024,e0ecb5c2716e8a3b1d7322c37d6b9bbbbc45f6b51a0dde89e514cb6658cc53ca,HOLD_EXISTING_REVIEW,no,0,candidate_only,recover_accepted_brief_before_change,/Users/vanna/Source/Dystrail-worktrees/recovery-2026-09-21/generated-originals/exec-b8e5d63f-6471-4070-ae6c-1cc37cf2d836.png,dystrail-web/static/img/scenes-v2/road-c07-a-20260914.png,"[{""alias"": ""dystrail-web/static/img/scenes-v2/road-c07-a-20260914.png"", ""evidence"": ""session record 8989""}]",user_review_existing,none,retain 1536 x 1024; do not stretch
/Users/vanna/.codex/generated_images/01a0a0f7-a4be-7852-a652-0b497de9fbea/exec-b91781ac-7c06-4c80-a4b6-2f1d9843a57b.png,exec-d6216344-24d7-4fdb-90fd-3adf48ef7e18.png,2172,724,886e81c8c99767e7aa576b938301935e5f4fa94df65a081aa1004a31840e7d05,HOLD_EXISTING_REVIEW,no,0,candidate_only,recover_accepted_brief_before_change,/Users/vanna/Source/Dystrail-worktrees/recovery-2026-09-21/generated-originals/exec-b91781ac-7c06-4c80-a4b6-2f1d9843a57b.png,,[],user_review_existing,none,retain 2172 x 724; do not stretch
/Users/vanna/.codex/generated_images/01a0a0f7-a4be-7852-a652-0b497de9fbea/exec-bc14e382-b1a4-47e1-a6a3-2cee4a525949.png,exec-5e9d79aa-7e06-45f7-91c7-78efd8807d2d.png,1536,1024,50bfaca615e310ecef8409a358fd0607a0145f6f87d72f556c5c556328aad17a,HOLD_EXISTING_REVIEW,no,0,candidate_only,recover_accepted_brief_before_change,/Users/vanna/Source/Dystrail-worktrees/recovery-2026-09-21/generated-originals/exec-bc14e382-b1a4-47e1-a6a3-2cee4a525949.png,,[],user_review_existing,none,retain 1536 x 1024; do not stretch
/Users/vanna/.codex/generated_images/01a0a0f7-a4be-7852-a652-0b497de9fbea/exec-bcce7a96-18ab-40a0-83ec-ce7f1adbbf2e.png,,1536,1024,2fa31e736b68bbaf36cf5ac1da50d090c705685f03f25394a4b7fa0bd6c21adf,HOLD_EXISTING_REVIEW,no,0,unmapped,recover_accepted_brief_before_change,/Users/vanna/Source/Dystrail-worktrees/recovery-2026-09-21/generated-originals/exec-bcce7a96-18ab-40a0-83ec-ce7f1adbbf2e.png,a,"[{""alias"": ""a"", ""evidence"": ""session record 13208""}]",user_review_existing,none,retain 1536 x 1024; do not stretch
/Users/vanna/.codex/generated_images/01a0a0f7-a4be-7852-a652-0b497de9fbea/exec-bd33afc6-5095-4745-a5c5-25ef27796c5a.png,,1536,1024,ab8181874fb5860fb110795b042d284146fa4d4a53205571158873fb784082ec,HOLD_EXISTING_REVIEW,no,0,unmapped,recover_accepted_brief_before_change,/Users/vanna/Source/Dystrail-worktrees/recovery-2026-09-21/generated-originals/exec-bd33afc6-5095-4745-a5c5-25ef27796c5a.png,c,"[{""alias"": ""c"", ""evidence"": ""session record 13208""}]",user_review_existing,none,retain 1536 x 1024; do not stretch
/Users/vanna/.codex/generated_images/01a0a0f7-a4be-7852-a652-0b497de9fbea/exec-bed315bd-0090-46d1-ae5d-eb9774fe3c74.png,crossing-slots-v2.png,1536,1024,b52347d454fed715c50869c16b0e1e5a44ac21996b208204f0019b17bc032446,HOLD_EXISTING_REVIEW,no,0,candidate_only,recover_accepted_brief_before_change,/Users/vanna/Source/Dystrail-worktrees/recovery-2026-09-21/generated-originals/exec-bed315bd-0090-46d1-ae5d-eb9774fe3c74.png,crossing-slots-v2,"[{""alias"": ""crossing-slots-v2"", ""evidence"": ""session record 19326""}]",user_review_existing,none,retain 1536 x 1024; do not stretch
/Users/vanna/.codex/generated_images/01a0a0f7-a4be-7852-a652-0b497de9fbea/exec-c3819a3d-39bb-4584-a77e-337441a4464f.png,,2172,724,61bb63da88d6c91f4b683ba8628ab39fb5ba979039cd1857d80faf2fb9f05a20,HOLD_EXISTING_REVIEW,no,0,unmapped,recover_accepted_brief_before_change,/Users/vanna/Source/Dystrail-worktrees/recovery-2026-09-21/generated-originals/exec-c3819a3d-39bb-4584-a77e-337441a4464f.png,meal-lobbyist-whistleblower-satirist-mask-20260915.png,"[{""alias"": ""meal-lobbyist-whistleblower-satirist-mask-20260915.png"", ""evidence"": ""session record 13368""}]",user_review_existing,none,retain 2172 x 724; do not stretch
/Users/vanna/.codex/generated_images/01a0a0f7-a4be-7852-a652-0b497de9fbea/exec-c396d749-fe37-4dab-8c26-97331e53e996.png,diner.png,1536,1024,f11d59f5dabb04be300d4d4e11a066ff84cf2139fc49a0f8cc6ac558a40929e3,HOLD_EXISTING_REVIEW,no,0,candidate_only,recover_accepted_brief_before_change,/Users/vanna/Source/Dystrail-worktrees/recovery-2026-09-21/generated-originals/exec-c396d749-fe37-4dab-8c26-97331e53e996.png,diner; dystrail-web/static/img/scenes-v2/care-diner-20260915.png,"[{""alias"": ""diner"", ""evidence"": ""session record 14784""}, {""alias"": ""dystrail-web/static/img/scenes-v2/care-diner-20260915.png"", ""evidence"": ""session record 14784""}]",user_review_existing,none,retain 1536 x 1024; do not stretch
/Users/vanna/.codex/generated_images/01a0a0f7-a4be-7852-a652-0b497de9fbea/exec-c3fefcd1-cc25-4f10-9add-cc479292dd21.png,,1536,1024,7dfc958df8ba62edad2ad66e6e583a5b4f0faa9b97ce3c0be77031279e8bada2,HOLD_EXISTING_REVIEW,no,0,unmapped,recover_accepted_brief_before_change,/Users/vanna/Source/Dystrail-worktrees/recovery-2026-09-21/generated-originals/exec-c3fefcd1-cc25-4f10-9add-cc479292dd21.png,,[],unmapped_existing_hold,none,retain 1536 x 1024; do not stretch
/Users/vanna/.codex/generated_images/01a0a0f7-a4be-7852-a652-0b497de9fbea/exec-c4296125-e916-44f0-bc57-1863f2b3e851.png,,1536,1024,fb8e221b9c7ec0f72125b9af2b1a169dd5f63f1027f82cdf8731b38913a477e1,HOLD_EXISTING_REVIEW,no,0,unmapped,recover_accepted_brief_before_change,/Users/vanna/Source/Dystrail-worktrees/recovery-2026-09-21/generated-originals/exec-c4296125-e916-44f0-bc57-1863f2b3e851.png,b,"[{""alias"": ""b"", ""evidence"": ""session record 13208""}]",user_review_existing,none,retain 1536 x 1024; do not stretch
/Users/vanna/.codex/generated_images/01a0a0f7-a4be-7852-a652-0b497de9fbea/exec-c8828c11-b355-40b6-9e33-924867c8f668.png,,1024,1536,429578139349fb711cbdd377afa93e19d7cebadbaef5e77f579e277b050eb154,HOLD_EXISTING_REVIEW,no,0,unmapped,recover_accepted_brief_before_change,/Users/vanna/Source/Dystrail-worktrees/recovery-2026-09-21/generated-originals/exec-c8828c11-b355-40b6-9e33-924867c8f668.png,,[],unmapped_existing_hold,none,retain 1024 x 1536; do not stretch
/Users/vanna/.codex/generated_images/01a0a0f7-a4be-7852-a652-0b497de9fbea/exec-cdd7f444-9720-419d-a646-1a479613eb69.png,open-rustbelt-foundry.png,1536,1024,0d59db6fa3cee071ce508eccde1f9d248eb6d6cce61797ff8c1be9d1d547c316,HOLD_EXISTING_REVIEW,no,0,candidate_only,recover_accepted_brief_before_change,/Users/vanna/Source/Dystrail-worktrees/recovery-2026-09-21/generated-originals/exec-cdd7f444-9720-419d-a646-1a479613eb69.png,open-rustbelt-foundry,"[{""alias"": ""open-rustbelt-foundry"", ""evidence"": ""session record 6278""}]",user_review_existing,none,retain 1536 x 1024; do not stretch
/Users/vanna/.codex/generated_images/01a0a0f7-a4be-7852-a652-0b497de9fbea/exec-ce5c957e-6708-4d7e-8932-2289c3be7018.png,rest-clock-faces.png,1536,1024,b28b11036e84959b62a71c7e47f4cb884646094bb7e17e97702a3598793a15c7,HOLD_EXISTING_REVIEW,no,0,candidate_only,recover_accepted_brief_before_change,/Users/vanna/Source/Dystrail-worktrees/recovery-2026-09-21/generated-originals/exec-ce5c957e-6708-4d7e-8932-2289c3be7018.png,,[],user_review_existing,none,retain 1536 x 1024; do not stretch
/Users/vanna/.codex/generated_images/01a0a0f7-a4be-7852-a652-0b497de9fbea/exec-cf2c4074-98d7-4275-8943-2b9bc6b42287.png,crossing-bucket-v2.png,1536,1024,586e466800fd3ef500677863c7bcda2583cbab5d6b5d073d3bcb3737045a88fe,HOLD_EXISTING_REVIEW,no,0,candidate_only,recover_accepted_brief_before_change,/Users/vanna/Source/Dystrail-worktrees/recovery-2026-09-21/generated-originals/exec-cf2c4074-98d7-4275-8943-2b9bc6b42287.png,crossing-bucket-v2,"[{""alias"": ""crossing-bucket-v2"", ""evidence"": ""session record 19326""}]",user_review_existing,none,retain 1536 x 1024; do not stretch
/Users/vanna/.codex/generated_images/01a0a0f7-a4be-7852-a652-0b497de9fbea/exec-d0348429-9df3-4dfb-88bb-e57f9630a2ab.png,,1536,1024,595724d7a10b8dfd9892fc38d72030b7ffbc1ba81d7534f32df094a22df3f294,HOLD_EXISTING_REVIEW,no,0,unmapped,recover_accepted_brief_before_change,/Users/vanna/Source/Dystrail-worktrees/recovery-2026-09-21/generated-originals/exec-d0348429-9df3-4dfb-88bb-e57f9630a2ab.png,file,"[{""alias"": ""file"", ""evidence"": ""recorded-files/review/art-satire/repair-source-assets.json""}]",user_review_existing,none,retain 1536 x 1024; do not stretch
/Users/vanna/.codex/generated_images/01a0a0f7-a4be-7852-a652-0b497de9fbea/exec-d0e59d72-b516-4d5a-9dec-313519fcb736.png,,1254,1254,624ca54a0715045e9b5b5682d9c686230571b9fafc80824b205348c8353fbb9a,HOLD_EXISTING_REVIEW,no,0,unmapped,recover_accepted_brief_before_change,/Users/vanna/Source/Dystrail-worktrees/recovery-2026-09-21/generated-originals/exec-d0e59d72-b516-4d5a-9dec-313519fcb736.png,dystrail-web/static/img/scenes-v2/ally-settings-a-20260915.png,"[{""alias"": ""dystrail-web/static/img/scenes-v2/ally-settings-a-20260915.png"", ""evidence"": ""session record 15580""}]",user_review_existing,none,retain 1254 x 1254; do not stretch
/Users/vanna/.codex/generated_images/01a0a0f7-a4be-7852-a652-0b497de9fbea/exec-d2c3e580-4d23-4c92-bbe5-ab7bf870e567.png,,1536,1024,6f0f5e71f9aade44c35c70a0230ba3dbf4a249d1b63d51ee1875e1ff34d79385,HOLD_EXISTING_REVIEW,no,0,unmapped,recover_accepted_brief_before_change,/Users/vanna/Source/Dystrail-worktrees/recovery-2026-09-21/generated-originals/exec-d2c3e580-4d23-4c92-bbe5-ab7bf870e567.png,,[],unmapped_existing_hold,none,retain 1536 x 1024; do not stretch
/Users/vanna/.codex/generated_images/01a0a0f7-a4be-7852-a652-0b497de9fbea/exec-d40d6a47-2274-4dc8-9e74-0fcc5a357e42.png,,1536,1024,423a5a880133c031ab564b5dcea1185178c3dcf3215d1cd5d84dbc8cb83f6b9f,HOLD_EXISTING_REVIEW,no,0,unmapped,recover_accepted_brief_before_change,/Users/vanna/Source/Dystrail-worktrees/recovery-2026-09-21/generated-originals/exec-d40d6a47-2274-4dc8-9e74-0fcc5a357e42.png,,[],unmapped_existing_hold,none,retain 1536 x 1024; do not stretch
/Users/vanna/.codex/generated_images/01a0a0f7-a4be-7852-a652-0b497de9fbea/exec-d6216344-24d7-4fdb-90fd-3adf48ef7e18.png,,2172,724,288a898b4e15917dc2788df096c1048a85f09a32802239c6a78cdaa266ace192,HOLD_EXISTING_REVIEW,no,0,unmapped,recover_accepted_brief_before_change,/Users/vanna/Source/Dystrail-worktrees/recovery-2026-09-21/generated-originals/exec-d6216344-24d7-4fdb-90fd-3adf48ef7e18.png,meal-lobbyist-whistleblower-satirist-20260915.png; prior_rejection_resolved,"[{""alias"": ""meal-lobbyist-whistleblower-satirist-20260915.png"", ""evidence"": ""session record 13368""}, {""alias"": ""prior_rejection_resolved"", ""evidence"": ""session record 13545""}]",user_review_existing,none,retain 2172 x 724; do not stretch
/Users/vanna/.codex/generated_images/01a0a0f7-a4be-7852-a652-0b497de9fbea/exec-d72fef35-2e19-4796-8d7f-14460e19f06c.png,detoured.png,1536,1024,681cd9e2aac058ee3b75ab6646ff7f58d837b0bc937968bf6f3dca6a5b662966,HOLD_EXISTING_REVIEW,no,0,candidate_only,recover_accepted_brief_before_change,/Users/vanna/Source/Dystrail-worktrees/recovery-2026-09-21/generated-originals/exec-d72fef35-2e19-4796-8d7f-14460e19f06c.png,,[],user_review_existing,none,retain 1536 x 1024; do not stretch
/Users/vanna/.codex/generated_images/01a0a0f7-a4be-7852-a652-0b497de9fbea/exec-d75e7359-d46a-4562-b513-1a7563409ea5.png,,1086,1448,6e892b34595924278c27e08c66f498f9f8827c84d79a8e8c04e37c1ba6a2f21a,HOLD_EXISTING_REVIEW,no,0,unmapped,recover_accepted_brief_before_change,/Users/vanna/Source/Dystrail-worktrees/recovery-2026-09-21/generated-originals/exec-d75e7359-d46a-4562-b513-1a7563409ea5.png,,[],unmapped_existing_hold,none,retain 1086 x 1448; do not stretch
/Users/vanna/.codex/generated_images/01a0a0f7-a4be-7852-a652-0b497de9fbea/exec-da782290-9aa5-40d5-92fc-bb2f6fcebe28.png,organizer.png,1774,887,aded6e6564aac67eb382a230a36b0db8c395380152780c501e060afa638044c9,HOLD_EXISTING_REVIEW,no,0,candidate_only,recover_accepted_brief_before_change,/Users/vanna/Source/Dystrail-worktrees/recovery-2026-09-21/generated-originals/exec-da782290-9aa5-40d5-92fc-bb2f6fcebe28.png,organizer,"[{""alias"": ""organizer"", ""evidence"": ""session record 842""}]",user_review_existing,none,retain 1774 x 887; do not stretch
/Users/vanna/.codex/generated_images/01a0a0f7-a4be-7852-a652-0b497de9fbea/exec-da8ac17f-17cb-485a-a0a4-47b4adf7c595.png,replacement.png,1536,1024,896f8a4c37803d45f9384531ba785fb13baa7975009433219ecb923de8fd6c38,HOLD_EXISTING_REVIEW,no,0,candidate_only,recover_accepted_brief_before_change,/Users/vanna/Source/Dystrail-worktrees/recovery-2026-09-21/generated-originals/exec-da8ac17f-17cb-485a-a0a4-47b4adf7c595.png,dystrail-web/static/img/scenes-v2/road-c08-c-20260914.png,"[{""alias"": ""dystrail-web/static/img/scenes-v2/road-c08-c-20260914.png"", ""evidence"": ""session record 9498""}]",user_review_existing,none,retain 1536 x 1024; do not stretch
/Users/vanna/.codex/generated_images/01a0a0f7-a4be-7852-a652-0b497de9fbea/exec-dbb3692e-5fd0-4ecd-8f2b-d780065e61f3.png,,1536,1024,aee46e403aff28aca9109002f039db71bfb1f02b7ac8c825d2ae1c93f48c4481,HOLD_EXISTING_REVIEW,no,0,unmapped,recover_accepted_brief_before_change,/Users/vanna/Source/Dystrail-worktrees/recovery-2026-09-21/generated-originals/exec-dbb3692e-5fd0-4ecd-8f2b-d780065e61f3.png,scenes-v2/care-shelter-20260915.png,"[{""alias"": ""scenes-v2/care-shelter-20260915.png"", ""evidence"": ""session record 14232""}]",user_review_existing,none,retain 1536 x 1024; do not stretch
/Users/vanna/.codex/generated_images/01a0a0f7-a4be-7852-a652-0b497de9fbea/exec-dbcddc6d-3c8d-43f0-b90b-c23f17916fb3.png,,1536,1024,0c4f6d72ffa40c3d6fcc3726546d0e813667162468ccc45de05b06fd74241a57,HOLD_EXISTING_REVIEW,no,0,unmapped,recover_accepted_brief_before_change,/Users/vanna/Source/Dystrail-worktrees/recovery-2026-09-21/generated-originals/exec-dbcddc6d-3c8d-43f0-b90b-c23f17916fb3.png,,[],unmapped_existing_hold,none,retain 1536 x 1024; do not stretch
/Users/vanna/.codex/generated_images/01a0a0f7-a4be-7852-a652-0b497de9fbea/exec-dbf19841-da9e-4190-8423-fc3945c49287.png,exec-b27090c2-f84b-41d3-93a1-07f1b4f5c224.png; van.png,1536,1024,58b5fe91b5a3b04a470545b887d78a5b0af166cf36e276909f1c58483c4be84c,HOLD_EXISTING_REVIEW,no,0,candidate_only,recover_accepted_brief_before_change,/Users/vanna/Source/Dystrail-worktrees/recovery-2026-09-21/generated-originals/exec-dbf19841-da9e-4190-8423-fc3945c49287.png,,[],user_review_existing,none,retain 1536 x 1024; do not stretch
/Users/vanna/.codex/generated_images/01a0a0f7-a4be-7852-a652-0b497de9fbea/exec-dc0da6db-a9b5-4235-9c9e-7fbcf3e0ce4c.png,,1536,1024,6e6250f5983bf8f50e5424be36514d2409880630afddf67293a35ab5fcf6e72c,HOLD_EXISTING_REVIEW,no,0,unmapped,recover_accepted_brief_before_change,/Users/vanna/Source/Dystrail-worktrees/recovery-2026-09-21/generated-originals/exec-dc0da6db-a9b5-4235-9c9e-7fbcf3e0ce4c.png,,[],unmapped_existing_hold,none,retain 1536 x 1024; do not stretch
/Users/vanna/.codex/generated_images/01a0a0f7-a4be-7852-a652-0b497de9fbea/exec-dddd7915-51c6-4bf4-a93e-b2b1e680a9b6.png,,1536,1024,211141758a3e89db9a2984718f010f7c046bc4a41ab614199c874a250ebe73fb,HOLD_EXISTING_REVIEW,no,0,unmapped,recover_accepted_brief_before_change,/Users/vanna/Source/Dystrail-worktrees/recovery-2026-09-21/generated-originals/exec-dddd7915-51c6-4bf4-a93e-b2b1e680a9b6.png,cast-v2/supporting-cast.png,"[{""alias"": ""cast-v2/supporting-cast.png"", ""evidence"": ""session record 6074""}]",user_review_existing,none,retain 1536 x 1024; do not stretch
/Users/vanna/.codex/generated_images/01a0a0f7-a4be-7852-a652-0b497de9fbea/exec-df4e831a-3f24-43d4-bf48-b3c988e907ad.png,work-refresh-candidate.png,1536,1024,5ebb4cdc7ded28cd2ddbbc7c00d6c2c842a9e80774f9377f9ba1aeced618b6a9,HOLD_EXISTING_REVIEW,no,0,candidate_only,recover_accepted_brief_before_change,/Users/vanna/Source/Dystrail-worktrees/recovery-2026-09-21/generated-originals/exec-df4e831a-3f24-43d4-bf48-b3c988e907ad.png,,[],user_review_existing,none,retain 1536 x 1024; do not stretch
/Users/vanna/.codex/generated_images/01a0a0f7-a4be-7852-a652-0b497de9fbea/exec-e0427b07-0f9a-422b-b0a3-0bc8cbd31ae9.png,hearing-officials.png,1536,1024,611ea3d436c9a4baebdcbe8bc311128c9ae35b1fc26b2a4c913ebaf906e001e9,HOLD_EXISTING_REVIEW,no,0,candidate_only,recover_accepted_brief_before_change,/Users/vanna/Source/Dystrail-worktrees/recovery-2026-09-21/generated-originals/exec-e0427b07-0f9a-422b-b0a3-0bc8cbd31ae9.png,dystrail-web/static/img/cast-v2/hearing-officials.png; hearing-officials,"[{""alias"": ""dystrail-web/static/img/cast-v2/hearing-officials.png"", ""evidence"": ""session record 842""}, {""alias"": ""hearing-officials"", ""evidence"": ""session record 842""}]",user_review_existing,none,retain 1536 x 1024; do not stretch
/Users/vanna/.codex/generated_images/01a0a0f7-a4be-7852-a652-0b497de9fbea/exec-e08257ae-f1ea-4ac4-b467-b7ea79ccb6d2.png,,1536,1024,215ded7a3292591069adba922a8a477c831cb483fc41b5333fe9216d1bd950ac,HOLD_EXISTING_REVIEW,no,0,unmapped,recover_accepted_brief_before_change,/Users/vanna/Source/Dystrail-worktrees/recovery-2026-09-21/generated-originals/exec-e08257ae-f1ea-4ac4-b467-b7ea79ccb6d2.png,journey/enc-clinic.png,"[{""alias"": ""journey/enc-clinic.png"", ""evidence"": ""session record 5935""}]",user_review_existing,none,retain 1536 x 1024; do not stretch
/Users/vanna/.codex/generated_images/01a0a0f7-a4be-7852-a652-0b497de9fbea/exec-e3c53ef3-49d5-40ad-8e92-73b5033de6d5.png,,1254,1254,f1da5938953178e671d83f406afc1211a55fdd2b081bbae3d6a81526f025bf6d,HOLD_EXISTING_REVIEW,no,0,unmapped,recover_accepted_brief_before_change,/Users/vanna/Source/Dystrail-worktrees/recovery-2026-09-21/generated-originals/exec-e3c53ef3-49d5-40ad-8e92-73b5033de6d5.png,,[],unmapped_existing_hold,none,retain 1254 x 1254; do not stretch
/Users/vanna/.codex/generated_images/01a0a0f7-a4be-7852-a652-0b497de9fbea/exec-e440f529-aa7b-4569-9619-2407985c6da2.png,journalist.png,1774,887,8f444641b88b392f3881aa7225b92f0b77abdc705dbd3777cb6683c852e1cb56,HOLD_EXISTING_REVIEW,no,0,candidate_only,recover_accepted_brief_before_change,/Users/vanna/Source/Dystrail-worktrees/recovery-2026-09-21/generated-originals/exec-e440f529-aa7b-4569-9619-2407985c6da2.png,journalist,"[{""alias"": ""journalist"", ""evidence"": ""session record 842""}]",user_review_existing,none,retain 1774 x 887; do not stretch
/Users/vanna/.codex/generated_images/01a0a0f7-a4be-7852-a652-0b497de9fbea/exec-e453cecf-81cf-4794-abed-33fc3b0f1a4e.png,,1536,1024,1be95126444b6bd862054072b545cec939eb8f4b20943f630bd09b531ed8055d,HOLD_EXISTING_REVIEW,no,0,unmapped,recover_accepted_brief_before_change,/Users/vanna/Source/Dystrail-worktrees/recovery-2026-09-21/generated-originals/exec-e453cecf-81cf-4794-abed-33fc3b0f1a4e.png,,[],unmapped_existing_hold,none,retain 1536 x 1024; do not stretch
/Users/vanna/.codex/generated_images/01a0a0f7-a4be-7852-a652-0b497de9fbea/exec-e463d6a5-198d-4845-8d09-ad0cac4babd7.png,crossing-map-v2.png,1536,1024,ef16e3182d33aa47c6781820fc24cc8ed73f7f4110fb01756f10613b0facff64,HOLD_EXISTING_REVIEW,no,0,candidate_only,recover_accepted_brief_before_change,/Users/vanna/Source/Dystrail-worktrees/recovery-2026-09-21/generated-originals/exec-e463d6a5-198d-4845-8d09-ad0cac4babd7.png,crossing-map-v2,"[{""alias"": ""crossing-map-v2"", ""evidence"": ""session record 19326""}]",user_review_existing,none,retain 1536 x 1024; do not stretch
/Users/vanna/.codex/generated_images/01a0a0f7-a4be-7852-a652-0b497de9fbea/exec-e5038cf2-cd27-4783-8c19-911b2bfdce8b.png,maps.png,1536,1024,9519d9932f46ff80fd1ba0443d3ff10ab1285a74cc7b82515f15191d3e238f75,HOLD_EXISTING_REVIEW,no,0,candidate_only,recover_accepted_brief_before_change,/Users/vanna/Source/Dystrail-worktrees/recovery-2026-09-21/generated-originals/exec-e5038cf2-cd27-4783-8c19-911b2bfdce8b.png,dystrail-web/static/img/scenes-v2/care-maps-20260915.png; maps,"[{""alias"": ""maps"", ""evidence"": ""session record 14784""}, {""alias"": ""dystrail-web/static/img/scenes-v2/care-maps-20260915.png"", ""evidence"": ""session record 14784""}]",user_review_existing,none,retain 1536 x 1024; do not stretch
/Users/vanna/.codex/generated_images/01a0a0f7-a4be-7852-a652-0b497de9fbea/exec-e597e2e7-cafc-4d13-87e8-97a419c20e47.png,exec-06000af4-25fc-4737-994d-4ce007b59a79.png; props.png,1536,1024,b3f4e171691d6438d0f84f1035c14066c4a897b80a6495a236defadd94ed167c,HOLD_EXISTING_REVIEW,no,0,candidate_only,recover_accepted_brief_before_change,/Users/vanna/Source/Dystrail-worktrees/recovery-2026-09-21/generated-originals/exec-e597e2e7-cafc-4d13-87e8-97a419c20e47.png,repair-props-20260914.png,"[{""alias"": ""repair-props-20260914.png"", ""evidence"": ""session record 13605""}]",user_review_existing,none,retain 1536 x 1024; do not stretch
/Users/vanna/.codex/generated_images/01a0a0f7-a4be-7852-a652-0b497de9fbea/exec-e6eca144-cefe-48a4-97c0-08b4770da46c.png,,1536,1024,8c757bfc36af4b547339577544e61f6953040bd311e897fda412b6b3a50d72fa,HOLD_EXISTING_REVIEW,no,0,unmapped,recover_accepted_brief_before_change,/Users/vanna/Source/Dystrail-worktrees/recovery-2026-09-21/generated-originals/exec-e6eca144-cefe-48a4-97c0-08b4770da46c.png,,[],unmapped_existing_hold,none,retain 1536 x 1024; do not stretch
/Users/vanna/.codex/generated_images/01a0a0f7-a4be-7852-a652-0b497de9fbea/exec-e6f1e386-b256-4099-a3b0-475e16c1313f.png,,1536,1024,f223b52fda52f1554bc87f2a46c2507a4d5a0b7030c997502f689b919929acee,HOLD_EXISTING_REVIEW,no,0,unmapped,recover_accepted_brief_before_change,/Users/vanna/Source/Dystrail-worktrees/recovery-2026-09-21/generated-originals/exec-e6f1e386-b256-4099-a3b0-475e16c1313f.png,,[],unmapped_existing_hold,none,retain 1536 x 1024; do not stretch
/Users/vanna/.codex/generated_images/01a0a0f7-a4be-7852-a652-0b497de9fbea/exec-e7b46e58-ab9c-40a4-bb3b-8393db8a3353.png,,1254,1254,bcc9082d71094419096833e25799ebe46e23deefd1fa2022d90fe560f3b8430b,HOLD_EXISTING_REVIEW,no,0,unmapped,recover_accepted_brief_before_change,/Users/vanna/Source/Dystrail-worktrees/recovery-2026-09-21/generated-originals/exec-e7b46e58-ab9c-40a4-bb3b-8393db8a3353.png,,[],unmapped_existing_hold,none,retain 1254 x 1254; do not stretch
/Users/vanna/.codex/generated_images/01a0a0f7-a4be-7852-a652-0b497de9fbea/exec-e8a927eb-5e16-4199-a917-97d4303343a7.png,,1254,1254,f79e0a0335e18fe7f317ebf6738d17b9ac7fae11ab0489ab7a3115efff00af94,HOLD_EXISTING_REVIEW,no,0,unmapped,recover_accepted_brief_before_change,/Users/vanna/Source/Dystrail-worktrees/recovery-2026-09-21/generated-originals/exec-e8a927eb-5e16-4199-a917-97d4303343a7.png,dystrail-web/static/img/scenes-v2/ally-settings-c-20260915.png,"[{""alias"": ""dystrail-web/static/img/scenes-v2/ally-settings-c-20260915.png"", ""evidence"": ""session record 15580""}]",user_review_existing,none,retain 1254 x 1254; do not stretch
/Users/vanna/.codex/generated_images/01a0a0f7-a4be-7852-a652-0b497de9fbea/exec-eaf6f981-a81a-4846-8ae6-639dd88e5899.png,,1536,1024,f8039910dfed6f2505ef65d270970e2050ceef6245dfa3ac75621c3c7582ee89,HOLD_EXISTING_REVIEW,no,0,unmapped,recover_accepted_brief_before_change,/Users/vanna/Source/Dystrail-worktrees/recovery-2026-09-21/generated-originals/exec-eaf6f981-a81a-4846-8ae6-639dd88e5899.png,,[],unmapped_existing_hold,none,retain 1536 x 1024; do not stretch
/Users/vanna/.codex/generated_images/01a0a0f7-a4be-7852-a652-0b497de9fbea/exec-eb9166b9-1d9f-4601-bd1a-d23df160c101.png,,2172,724,6ecc547ab98d70fd273b83c047db742cc92900b0579052f8a707068866e9acab,HOLD_EXISTING_REVIEW,no,0,unmapped,recover_accepted_brief_before_change,/Users/vanna/Source/Dystrail-worktrees/recovery-2026-09-21/generated-originals/exec-eb9166b9-1d9f-4601-bd1a-d23df160c101.png,,[],unmapped_existing_hold,none,retain 2172 x 724; do not stretch
/Users/vanna/.codex/generated_images/01a0a0f7-a4be-7852-a652-0b497de9fbea/exec-ec65a006-1591-45cb-a25a-4d94d2d2281c.png,,1536,1024,8de22e69e54e83e2487bf99142a4e03b0b33a056b5a9f33b4489cfad679daede,HOLD_EXISTING_REVIEW,no,0,unmapped,recover_accepted_brief_before_change,/Users/vanna/Source/Dystrail-worktrees/recovery-2026-09-21/generated-originals/exec-ec65a006-1591-45cb-a25a-4d94d2d2281c.png,,[],unmapped_existing_hold,none,retain 1536 x 1024; do not stretch
/Users/vanna/.codex/generated_images/01a0a0f7-a4be-7852-a652-0b497de9fbea/exec-ee24ddbd-b62e-4865-b83d-7b2f68f5ba90.png,road-c03-b-20260914.png,1536,1024,1d51b6b12932fd168abb5af863a8db67857033f502cf82a3ca7bab85ae9fac3e,HOLD_EXISTING_REVIEW,no,0,candidate_only,recover_accepted_brief_before_change,/Users/vanna/Source/Dystrail-worktrees/recovery-2026-09-21/generated-originals/exec-ee24ddbd-b62e-4865-b83d-7b2f68f5ba90.png,,[],user_review_existing,none,retain 1536 x 1024; do not stretch
/Users/vanna/.codex/generated_images/01a0a0f7-a4be-7852-a652-0b497de9fbea/exec-ef63ae16-fd09-4151-9c52-54fee85d7a51.png,crossing-inspection-v2.png,1536,1024,3c3139ad064143497380dc657da7414f9cc730cb49c19363f11325bc58a0f83a,HOLD_EXISTING_REVIEW,no,0,candidate_only,recover_accepted_brief_before_change,/Users/vanna/Source/Dystrail-worktrees/recovery-2026-09-21/generated-originals/exec-ef63ae16-fd09-4151-9c52-54fee85d7a51.png,crossing-inspection-v2,"[{""alias"": ""crossing-inspection-v2"", ""evidence"": ""session record 19326""}]",user_review_existing,none,retain 1536 x 1024; do not stretch
/Users/vanna/.codex/generated_images/01a0a0f7-a4be-7852-a652-0b497de9fbea/exec-f0870b73-32b8-4f43-9478-b716aef62922.png,road-c01-20260914.png,1536,1024,b9e5980c2b361160dfd736fd8a75f8104c8230c67a232a0d97801b5b1d2e5b2e,HOLD_EXISTING_REVIEW,no,0,candidate_only,recover_accepted_brief_before_change,/Users/vanna/Source/Dystrail-worktrees/recovery-2026-09-21/generated-originals/exec-f0870b73-32b8-4f43-9478-b716aef62922.png,,[],user_review_existing,none,retain 1536 x 1024; do not stretch
/Users/vanna/.codex/generated_images/01a0a0f7-a4be-7852-a652-0b497de9fbea/exec-f0a0576f-5e6e-47b1-9e62-8454e1da77ae.png,,1536,1024,a20ef34d8d8a8cdb154437bc15da2f0cab4a0fd8a9423bf4e2982719b60e5394,HOLD_EXISTING_REVIEW,no,0,unmapped,recover_accepted_brief_before_change,/Users/vanna/Source/Dystrail-worktrees/recovery-2026-09-21/generated-originals/exec-f0a0576f-5e6e-47b1-9e62-8454e1da77ae.png,file,"[{""alias"": ""file"", ""evidence"": ""recorded-files/review/art-satire/repair-source-assets.json""}]",user_review_existing,none,retain 1536 x 1024; do not stretch
/Users/vanna/.codex/generated_images/01a0a0f7-a4be-7852-a652-0b497de9fbea/exec-f1b935b7-62f4-401b-8c8a-6dba7b85f287.png,,1536,1024,a86bc767f3a0c2d64439666b1757f8f542eb25614fa9a9d76a28d645f19e0667,HOLD_EXISTING_REVIEW,no,0,unmapped,recover_accepted_brief_before_change,/Users/vanna/Source/Dystrail-worktrees/recovery-2026-09-21/generated-originals/exec-f1b935b7-62f4-401b-8c8a-6dba7b85f287.png,,[],unmapped_existing_hold,none,retain 1536 x 1024; do not stretch
/Users/vanna/.codex/generated_images/01a0a0f7-a4be-7852-a652-0b497de9fbea/exec-f22b37bf-1f12-44c9-b8df-27a64fc0c363.png,crossing-documents-v2.png,1536,1024,9255b8530e5d937364ab9748b5c777760fdbe2db7615e1a7591a7591e15b822c,HOLD_EXISTING_REVIEW,no,0,candidate_only,recover_accepted_brief_before_change,/Users/vanna/Source/Dystrail-worktrees/recovery-2026-09-21/generated-originals/exec-f22b37bf-1f12-44c9-b8df-27a64fc0c363.png,crossing-documents-v2,"[{""alias"": ""crossing-documents-v2"", ""evidence"": ""session record 19326""}]",user_review_existing,none,retain 1536 x 1024; do not stretch
/Users/vanna/.codex/generated_images/01a0a0f7-a4be-7852-a652-0b497de9fbea/exec-f3656819-f4fa-4010-baf1-dd0a43957b23.png,,1536,1024,c0f1245950615d32a4d48277004ecbf84017f60b3b676cb8973e644879e275b1,HOLD_EXISTING_REVIEW,no,0,unmapped,recover_accepted_brief_before_change,/Users/vanna/Source/Dystrail-worktrees/recovery-2026-09-21/generated-originals/exec-f3656819-f4fa-4010-baf1-dd0a43957b23.png,file,"[{""alias"": ""file"", ""evidence"": ""recorded-files/review/art-satire/repair-source-assets.json""}]",user_review_existing,none,retain 1536 x 1024; do not stretch
/Users/vanna/.codex/generated_images/01a0a0f7-a4be-7852-a652-0b497de9fbea/exec-f37982a1-f430-41ce-b7d4-85a1c55e3d5d.png,policy-bulletins-c.png,1536,1024,678f20d47ce3d502136c3b273ce5a93a04e9dfaa73464570f39e310338f5e48b,HOLD_EXISTING_REVIEW,no,0,candidate_only,recover_accepted_brief_before_change,/Users/vanna/Source/Dystrail-worktrees/recovery-2026-09-21/generated-originals/exec-f37982a1-f430-41ce-b7d4-85a1c55e3d5d.png,C,"[{""alias"": ""C"", ""evidence"": ""session record 2040""}]",user_review_existing,none,retain 1536 x 1024; do not stretch
/Users/vanna/.codex/generated_images/01a0a0f7-a4be-7852-a652-0b497de9fbea/exec-f465d38d-fcb8-4870-84b7-145f71916622.png,,1536,1024,f68bceb4a4644feff2823bc903fe32e12e0f7f2e09c28c0d8bd290fa4f12837c,HOLD_EXISTING_REVIEW,no,0,unmapped,recover_accepted_brief_before_change,/Users/vanna/Source/Dystrail-worktrees/recovery-2026-09-21/generated-originals/exec-f465d38d-fcb8-4870-84b7-145f71916622.png,journey/encounter-settings-v2.png,"[{""alias"": ""journey/encounter-settings-v2.png"", ""evidence"": ""session record 5935""}]",user_review_existing,none,retain 1536 x 1024; do not stretch
/Users/vanna/.codex/generated_images/01a0a0f7-a4be-7852-a652-0b497de9fbea/exec-f62ac138-aabd-4bb5-960a-9da33db3058f.png,whistleblower.png,1774,887,ea067b06571886c124b95592bc0aa7aa6c631939ff9f27c57050a458367fb3f2,HOLD_EXISTING_REVIEW,no,0,candidate_only,recover_accepted_brief_before_change,/Users/vanna/Source/Dystrail-worktrees/recovery-2026-09-21/generated-originals/exec-f62ac138-aabd-4bb5-960a-9da33db3058f.png,,[],user_review_existing,none,retain 1774 x 887; do not stretch
/Users/vanna/.codex/generated_images/01a0a0f7-a4be-7852-a652-0b497de9fbea/exec-fb76cf3e-1712-477f-8504-958cf1369e3f.png,road-c03-a-20260914.png,1536,1024,1378cab382fd693a013bbb4f82e5b1509236544be0b2241a745a264ba9dea779,HOLD_EXISTING_REVIEW,no,0,candidate_only,recover_accepted_brief_before_change,/Users/vanna/Source/Dystrail-worktrees/recovery-2026-09-21/generated-originals/exec-fb76cf3e-1712-477f-8504-958cf1369e3f.png,,[],user_review_existing,none,retain 1536 x 1024; do not stretch
/Users/vanna/.codex/generated_images/01a0a0f7-a4be-7852-a652-0b497de9fbea/exec-fc5f0cf2-5c22-45d9-bfce-88ed12e3fbb3.png,,1086,1448,f5d0a042e3bdac54ed8c455e409a9f066d561aa876776daa56f93e43f1f9cf1c,HOLD_EXISTING_REVIEW,no,0,unmapped,recover_accepted_brief_before_change,/Users/vanna/Source/Dystrail-worktrees/recovery-2026-09-21/generated-originals/exec-fc5f0cf2-5c22-45d9-bfce-88ed12e3fbb3.png,,[],unmapped_existing_hold,none,retain 1086 x 1448; do not stretch
/Users/vanna/.codex/generated_images/01a0a0f7-a4be-7852-a652-0b497de9fbea/exec-fde94cfe-f1d8-4f12-a915-10ece99ab34f.png,organizer.png,1774,887,3d4dad65ff7308caae3228feb0ef1bf7d484c042457d4b06ad28747b39e28365,HOLD_EXISTING_REVIEW,no,0,candidate_only,recover_accepted_brief_before_change,/Users/vanna/Source/Dystrail-worktrees/recovery-2026-09-21/generated-originals/exec-fde94cfe-f1d8-4f12-a915-10ece99ab34f.png,,[],user_review_existing,none,retain 1774 x 887; do not stretch
/Users/vanna/.codex/generated_images/01a0a0f7-a4be-7852-a652-0b497de9fbea/exec-fe138541-a1f6-48c6-b767-d0320ad4edf9.png,crossing-outcomes-a-20260915.png,1254,1254,5096caae8773d95813f0c41cd2d8b3a570ee27cceac8204b3c7c64793458cc46,HOLD_EXISTING_REVIEW,no,0,candidate_only,recover_accepted_brief_before_change,/Users/vanna/Source/Dystrail-worktrees/recovery-2026-09-21/generated-originals/exec-fe138541-a1f6-48c6-b767-d0320ad4edf9.png,,[],user_review_existing,none,retain 1254 x 1254; do not stretch
